"","Male","Married","Protestant","Republican","GunOwner","Obama"
"1",TRUE,FALSE,FALSE,TRUE,FALSE,FALSE
"2",FALSE,FALSE,FALSE,FALSE,FALSE,TRUE
"3",TRUE,TRUE,FALSE,TRUE,FALSE,FALSE
"4",FALSE,TRUE,TRUE,FALSE,FALSE,FALSE
"5",TRUE,FALSE,FALSE,TRUE,TRUE,FALSE
"6",FALSE,FALSE,FALSE,FALSE,TRUE,TRUE
"7",FALSE,FALSE,TRUE,FALSE,FALSE,TRUE
"8",FALSE,FALSE,FALSE,FALSE,FALSE,TRUE
"9",TRUE,FALSE,FALSE,TRUE,TRUE,FALSE
"10",FALSE,FALSE,TRUE,FALSE,FALSE,TRUE
"11",FALSE,FALSE,FALSE,TRUE,FALSE,TRUE
"12",FALSE,FALSE,FALSE,FALSE,FALSE,TRUE
"13",FALSE,TRUE,FALSE,FALSE,FALSE,TRUE
"14",FALSE,FALSE,TRUE,FALSE,FALSE,TRUE
"15",FALSE,TRUE,FALSE,FALSE,FALSE,TRUE
"16",TRUE,FALSE,FALSE,FALSE,TRUE,TRUE
"17",FALSE,TRUE,TRUE,TRUE,FALSE,FALSE
"18",FALSE,FALSE,FALSE,FALSE,FALSE,TRUE
"19",FALSE,TRUE,FALSE,TRUE,FALSE,FALSE
"20",TRUE,TRUE,FALSE,TRUE,FALSE,TRUE
"21",FALSE,TRUE,TRUE,FALSE,FALSE,FALSE
"22",FALSE,FALSE,FALSE,FALSE,FALSE,TRUE
"23",FALSE,FALSE,TRUE,FALSE,FALSE,TRUE
"24",TRUE,TRUE,FALSE,TRUE,FALSE,FALSE
"25",FALSE,FALSE,FALSE,FALSE,FALSE,TRUE
"26",TRUE,FALSE,FALSE,FALSE,FALSE,TRUE
"27",FALSE,FALSE,FALSE,FALSE,FALSE,TRUE
"28",FALSE,FALSE,FALSE,FALSE,FALSE,TRUE
"29",TRUE,TRUE,FALSE,FALSE,FALSE,TRUE
"30",FALSE,FALSE,FALSE,FALSE,FALSE,TRUE
"31",FALSE,TRUE,FALSE,FALSE,FALSE,TRUE
"32",TRUE,FALSE,TRUE,TRUE,FALSE,FALSE
"33",FALSE,FALSE,FALSE,FALSE,FALSE,TRUE
"34",FALSE,FALSE,TRUE,FALSE,FALSE,TRUE
"35",TRUE,TRUE,FALSE,FALSE,FALSE,TRUE
"36",TRUE,FALSE,FALSE,TRUE,FALSE,TRUE
"37",FALSE,TRUE,FALSE,FALSE,FALSE,TRUE
"38",FALSE,FALSE,FALSE,FALSE,FALSE,TRUE
"39",FALSE,TRUE,TRUE,FALSE,FALSE,TRUE
"40",FALSE,FALSE,TRUE,FALSE,FALSE,TRUE
"41",FALSE,FALSE,TRUE,FALSE,FALSE,TRUE
"42",TRUE,FALSE,TRUE,FALSE,FALSE,TRUE
"43",FALSE,FALSE,TRUE,FALSE,FALSE,TRUE
"44",FALSE,FALSE,TRUE,FALSE,FALSE,TRUE
"45",FALSE,TRUE,TRUE,FALSE,FALSE,TRUE
"46",TRUE,FALSE,FALSE,FALSE,FALSE,TRUE
"47",TRUE,TRUE,TRUE,FALSE,FALSE,TRUE
"48",FALSE,TRUE,FALSE,FALSE,FALSE,TRUE
"49",FALSE,FALSE,TRUE,FALSE,FALSE,FALSE
"50",FALSE,TRUE,FALSE,FALSE,FALSE,FALSE
"51",FALSE,TRUE,TRUE,FALSE,FALSE,TRUE
"52",FALSE,TRUE,FALSE,FALSE,FALSE,TRUE
"53",FALSE,TRUE,FALSE,FALSE,FALSE,TRUE
"54",TRUE,FALSE,FALSE,TRUE,TRUE,TRUE
"55",FALSE,FALSE,TRUE,FALSE,FALSE,TRUE
"56",TRUE,TRUE,FALSE,FALSE,FALSE,TRUE
"57",TRUE,TRUE,TRUE,FALSE,FALSE,TRUE
"58",TRUE,FALSE,FALSE,FALSE,FALSE,TRUE
"59",TRUE,FALSE,FALSE,FALSE,FALSE,TRUE
"60",FALSE,TRUE,TRUE,FALSE,FALSE,TRUE
"61",FALSE,FALSE,FALSE,FALSE,FALSE,TRUE
"62",FALSE,FALSE,TRUE,FALSE,TRUE,TRUE
"63",FALSE,TRUE,TRUE,FALSE,FALSE,TRUE
"64",TRUE,FALSE,FALSE,FALSE,FALSE,TRUE
"65",FALSE,TRUE,FALSE,FALSE,FALSE,TRUE
"66",TRUE,FALSE,FALSE,TRUE,FALSE,FALSE
"67",FALSE,FALSE,FALSE,FALSE,FALSE,TRUE
"68",TRUE,TRUE,FALSE,FALSE,FALSE,TRUE
"69",FALSE,TRUE,FALSE,TRUE,FALSE,FALSE
"70",TRUE,FALSE,FALSE,FALSE,FALSE,TRUE
"71",TRUE,FALSE,FALSE,TRUE,FALSE,FALSE
"72",FALSE,TRUE,FALSE,FALSE,FALSE,TRUE
"73",FALSE,TRUE,FALSE,FALSE,FALSE,TRUE
"74",FALSE,FALSE,TRUE,FALSE,TRUE,TRUE
"75",TRUE,FALSE,FALSE,FALSE,FALSE,TRUE
"76",FALSE,FALSE,FALSE,FALSE,FALSE,TRUE
"77",TRUE,TRUE,TRUE,FALSE,FALSE,TRUE
"78",TRUE,TRUE,FALSE,FALSE,FALSE,FALSE
"79",TRUE,TRUE,FALSE,FALSE,FALSE,TRUE
"80",TRUE,FALSE,FALSE,TRUE,FALSE,TRUE
"81",FALSE,FALSE,TRUE,FALSE,FALSE,TRUE
"82",TRUE,FALSE,TRUE,FALSE,FALSE,TRUE
"83",TRUE,FALSE,FALSE,FALSE,FALSE,TRUE
"84",FALSE,FALSE,FALSE,FALSE,FALSE,TRUE
"85",TRUE,TRUE,FALSE,FALSE,FALSE,TRUE
"86",TRUE,TRUE,TRUE,FALSE,TRUE,TRUE
"87",TRUE,FALSE,FALSE,TRUE,TRUE,FALSE
"88",TRUE,TRUE,TRUE,FALSE,FALSE,TRUE
"89",TRUE,FALSE,FALSE,FALSE,FALSE,TRUE
"90",FALSE,FALSE,FALSE,FALSE,FALSE,TRUE
"91",FALSE,FALSE,TRUE,FALSE,FALSE,TRUE
"92",FALSE,FALSE,TRUE,FALSE,FALSE,TRUE
"93",FALSE,FALSE,TRUE,TRUE,FALSE,TRUE
"94",FALSE,TRUE,FALSE,FALSE,FALSE,TRUE
"95",FALSE,FALSE,FALSE,FALSE,FALSE,TRUE
"96",TRUE,FALSE,FALSE,FALSE,FALSE,TRUE
"97",TRUE,TRUE,TRUE,FALSE,FALSE,TRUE
"98",FALSE,FALSE,TRUE,TRUE,FALSE,FALSE
"99",FALSE,FALSE,FALSE,FALSE,FALSE,TRUE
"100",TRUE,TRUE,FALSE,FALSE,FALSE,TRUE
"101",FALSE,TRUE,FALSE,FALSE,FALSE,TRUE
"102",TRUE,FALSE,FALSE,FALSE,FALSE,TRUE
"103",TRUE,FALSE,FALSE,FALSE,FALSE,TRUE
"104",TRUE,FALSE,TRUE,FALSE,FALSE,TRUE
"105",TRUE,TRUE,FALSE,FALSE,FALSE,TRUE
"106",TRUE,FALSE,TRUE,TRUE,TRUE,FALSE
"107",FALSE,FALSE,TRUE,TRUE,FALSE,FALSE
"108",TRUE,FALSE,FALSE,FALSE,FALSE,TRUE
"109",FALSE,TRUE,TRUE,TRUE,FALSE,FALSE
"110",TRUE,TRUE,FALSE,TRUE,FALSE,FALSE
"111",TRUE,FALSE,TRUE,TRUE,FALSE,FALSE
"112",FALSE,FALSE,FALSE,TRUE,FALSE,FALSE
"113",TRUE,TRUE,FALSE,FALSE,TRUE,TRUE
"114",FALSE,TRUE,FALSE,FALSE,FALSE,TRUE
"115",FALSE,TRUE,FALSE,TRUE,FALSE,FALSE
"116",FALSE,TRUE,FALSE,FALSE,FALSE,TRUE
"117",TRUE,TRUE,TRUE,FALSE,FALSE,FALSE
"118",TRUE,TRUE,FALSE,FALSE,FALSE,TRUE
"119",FALSE,FALSE,FALSE,FALSE,FALSE,TRUE
"120",TRUE,FALSE,FALSE,FALSE,TRUE,TRUE
"121",TRUE,TRUE,FALSE,TRUE,FALSE,FALSE
"122",FALSE,TRUE,TRUE,TRUE,TRUE,FALSE
"123",FALSE,TRUE,FALSE,FALSE,FALSE,TRUE
"124",FALSE,TRUE,TRUE,TRUE,TRUE,FALSE
"125",FALSE,TRUE,FALSE,FALSE,FALSE,TRUE
"126",TRUE,FALSE,TRUE,FALSE,FALSE,TRUE
"127",FALSE,FALSE,TRUE,FALSE,FALSE,TRUE
"128",FALSE,FALSE,TRUE,FALSE,TRUE,TRUE
"129",FALSE,FALSE,FALSE,TRUE,FALSE,TRUE
"130",TRUE,TRUE,FALSE,FALSE,FALSE,TRUE
"131",FALSE,TRUE,FALSE,FALSE,FALSE,TRUE
"132",FALSE,FALSE,TRUE,TRUE,FALSE,FALSE
"133",FALSE,FALSE,TRUE,TRUE,FALSE,FALSE
"134",TRUE,TRUE,FALSE,TRUE,FALSE,FALSE
"135",FALSE,TRUE,FALSE,FALSE,TRUE,TRUE
"136",FALSE,TRUE,TRUE,TRUE,FALSE,TRUE
"137",FALSE,TRUE,FALSE,TRUE,FALSE,FALSE
"138",FALSE,TRUE,FALSE,FALSE,TRUE,TRUE
"139",TRUE,FALSE,FALSE,FALSE,TRUE,TRUE
"140",TRUE,FALSE,TRUE,TRUE,FALSE,TRUE
"141",FALSE,FALSE,FALSE,TRUE,FALSE,FALSE
"142",TRUE,TRUE,FALSE,FALSE,FALSE,TRUE
"143",FALSE,FALSE,TRUE,FALSE,FALSE,TRUE
"144",TRUE,FALSE,TRUE,FALSE,FALSE,TRUE
"145",TRUE,FALSE,FALSE,TRUE,FALSE,TRUE
"146",TRUE,FALSE,FALSE,TRUE,FALSE,TRUE
"147",TRUE,TRUE,FALSE,FALSE,FALSE,TRUE
"148",FALSE,TRUE,FALSE,FALSE,FALSE,TRUE
"149",TRUE,FALSE,TRUE,FALSE,TRUE,TRUE
"150",TRUE,TRUE,FALSE,FALSE,FALSE,FALSE
"151",FALSE,TRUE,TRUE,FALSE,FALSE,FALSE
"152",FALSE,TRUE,FALSE,TRUE,TRUE,FALSE
"153",FALSE,FALSE,FALSE,FALSE,FALSE,TRUE
"154",TRUE,FALSE,FALSE,FALSE,FALSE,TRUE
"155",FALSE,FALSE,FALSE,FALSE,FALSE,TRUE
"156",FALSE,FALSE,TRUE,FALSE,FALSE,TRUE
"157",FALSE,FALSE,TRUE,FALSE,FALSE,TRUE
"158",TRUE,TRUE,FALSE,FALSE,FALSE,TRUE
"159",TRUE,TRUE,FALSE,FALSE,FALSE,TRUE
"160",FALSE,FALSE,FALSE,FALSE,FALSE,TRUE
"161",FALSE,TRUE,FALSE,FALSE,FALSE,TRUE
"162",FALSE,FALSE,TRUE,TRUE,FALSE,FALSE
"163",TRUE,TRUE,TRUE,TRUE,FALSE,FALSE
"164",FALSE,FALSE,FALSE,FALSE,FALSE,TRUE
"165",FALSE,TRUE,FALSE,FALSE,FALSE,TRUE
"166",FALSE,FALSE,TRUE,TRUE,FALSE,TRUE
"167",FALSE,FALSE,FALSE,TRUE,FALSE,TRUE
"168",FALSE,FALSE,FALSE,FALSE,FALSE,TRUE
"169",TRUE,FALSE,TRUE,TRUE,TRUE,FALSE
"170",TRUE,FALSE,FALSE,TRUE,TRUE,FALSE
"171",FALSE,TRUE,FALSE,FALSE,TRUE,TRUE
"172",TRUE,FALSE,TRUE,FALSE,TRUE,TRUE
"173",FALSE,FALSE,FALSE,FALSE,FALSE,TRUE
"174",FALSE,FALSE,TRUE,FALSE,FALSE,FALSE
"175",FALSE,TRUE,TRUE,FALSE,FALSE,TRUE
"176",FALSE,TRUE,TRUE,TRUE,TRUE,FALSE
"177",TRUE,TRUE,TRUE,FALSE,FALSE,TRUE
"178",FALSE,FALSE,TRUE,FALSE,FALSE,TRUE
"179",FALSE,FALSE,TRUE,TRUE,FALSE,TRUE
"180",TRUE,TRUE,TRUE,TRUE,FALSE,TRUE
"181",TRUE,FALSE,TRUE,FALSE,TRUE,TRUE
"182",TRUE,FALSE,TRUE,FALSE,FALSE,TRUE
"183",TRUE,FALSE,FALSE,FALSE,FALSE,TRUE
"184",TRUE,TRUE,FALSE,FALSE,TRUE,TRUE
"185",TRUE,FALSE,FALSE,FALSE,FALSE,TRUE
"186",FALSE,FALSE,FALSE,TRUE,FALSE,TRUE
"187",TRUE,TRUE,FALSE,TRUE,FALSE,FALSE
"188",FALSE,FALSE,TRUE,FALSE,FALSE,TRUE
"189",FALSE,TRUE,FALSE,TRUE,FALSE,FALSE
"190",TRUE,TRUE,FALSE,FALSE,FALSE,TRUE
"191",FALSE,TRUE,FALSE,TRUE,TRUE,FALSE
"192",TRUE,TRUE,TRUE,FALSE,FALSE,TRUE
"193",TRUE,TRUE,TRUE,FALSE,FALSE,TRUE
"194",TRUE,FALSE,FALSE,TRUE,FALSE,TRUE
"195",FALSE,FALSE,FALSE,TRUE,FALSE,TRUE
"196",TRUE,FALSE,TRUE,FALSE,FALSE,TRUE
"197",FALSE,FALSE,TRUE,FALSE,FALSE,TRUE
"198",FALSE,FALSE,FALSE,FALSE,FALSE,TRUE
"199",FALSE,FALSE,TRUE,FALSE,FALSE,TRUE
"200",TRUE,FALSE,TRUE,FALSE,FALSE,TRUE
"201",FALSE,TRUE,FALSE,FALSE,FALSE,TRUE
"202",FALSE,FALSE,FALSE,FALSE,FALSE,TRUE
"203",TRUE,TRUE,TRUE,TRUE,TRUE,FALSE
"204",TRUE,TRUE,FALSE,FALSE,FALSE,TRUE
"205",FALSE,TRUE,TRUE,FALSE,FALSE,TRUE
"206",FALSE,FALSE,FALSE,TRUE,FALSE,FALSE
"207",TRUE,FALSE,FALSE,TRUE,FALSE,FALSE
"208",TRUE,TRUE,FALSE,FALSE,FALSE,TRUE
"209",FALSE,TRUE,TRUE,FALSE,FALSE,TRUE
"210",TRUE,TRUE,FALSE,TRUE,FALSE,FALSE
"211",FALSE,TRUE,TRUE,FALSE,FALSE,TRUE
"212",FALSE,FALSE,FALSE,FALSE,FALSE,TRUE
"213",FALSE,FALSE,TRUE,FALSE,FALSE,TRUE
"214",FALSE,FALSE,TRUE,FALSE,FALSE,TRUE
"215",FALSE,TRUE,TRUE,FALSE,FALSE,TRUE
"216",FALSE,TRUE,TRUE,FALSE,FALSE,TRUE
"217",FALSE,TRUE,TRUE,TRUE,TRUE,FALSE
"218",TRUE,TRUE,FALSE,FALSE,FALSE,TRUE
"219",TRUE,TRUE,FALSE,FALSE,FALSE,TRUE
"220",FALSE,TRUE,FALSE,FALSE,FALSE,TRUE
"221",FALSE,FALSE,TRUE,FALSE,FALSE,TRUE
"222",TRUE,FALSE,TRUE,TRUE,TRUE,FALSE
"223",TRUE,FALSE,TRUE,TRUE,TRUE,TRUE
"224",TRUE,TRUE,TRUE,TRUE,FALSE,FALSE
"225",FALSE,FALSE,FALSE,TRUE,FALSE,FALSE
"226",TRUE,FALSE,FALSE,TRUE,TRUE,FALSE
"227",FALSE,FALSE,TRUE,FALSE,FALSE,TRUE
"228",FALSE,FALSE,TRUE,FALSE,FALSE,TRUE
"229",FALSE,FALSE,FALSE,FALSE,FALSE,TRUE
"230",FALSE,TRUE,FALSE,FALSE,FALSE,FALSE
"231",TRUE,TRUE,TRUE,TRUE,FALSE,FALSE
"232",TRUE,TRUE,FALSE,FALSE,FALSE,TRUE
"233",FALSE,FALSE,FALSE,FALSE,FALSE,TRUE
"234",FALSE,TRUE,FALSE,FALSE,FALSE,TRUE
"235",TRUE,FALSE,FALSE,TRUE,TRUE,FALSE
"236",FALSE,TRUE,FALSE,FALSE,TRUE,TRUE
"237",FALSE,FALSE,TRUE,TRUE,TRUE,FALSE
"238",FALSE,TRUE,FALSE,FALSE,FALSE,TRUE
"239",FALSE,FALSE,FALSE,TRUE,FALSE,FALSE
"240",FALSE,FALSE,TRUE,FALSE,FALSE,TRUE
"241",FALSE,TRUE,FALSE,FALSE,FALSE,TRUE
"242",FALSE,FALSE,FALSE,FALSE,FALSE,TRUE
"243",FALSE,FALSE,TRUE,FALSE,FALSE,FALSE
"244",TRUE,TRUE,FALSE,FALSE,FALSE,TRUE
"245",TRUE,FALSE,FALSE,FALSE,FALSE,TRUE
"246",TRUE,TRUE,FALSE,FALSE,FALSE,TRUE
"247",FALSE,TRUE,TRUE,TRUE,TRUE,FALSE
"248",TRUE,FALSE,TRUE,TRUE,FALSE,FALSE
"249",TRUE,TRUE,TRUE,FALSE,FALSE,TRUE
"250",TRUE,FALSE,FALSE,FALSE,TRUE,TRUE
"251",TRUE,FALSE,TRUE,FALSE,FALSE,TRUE
"252",TRUE,TRUE,FALSE,TRUE,FALSE,FALSE
"253",TRUE,TRUE,TRUE,TRUE,TRUE,FALSE
"254",FALSE,FALSE,TRUE,FALSE,FALSE,TRUE
"255",TRUE,TRUE,FALSE,FALSE,FALSE,FALSE
"256",FALSE,TRUE,TRUE,TRUE,FALSE,FALSE
"257",TRUE,TRUE,FALSE,FALSE,FALSE,TRUE
"258",FALSE,TRUE,FALSE,FALSE,FALSE,TRUE
"259",FALSE,FALSE,FALSE,FALSE,FALSE,FALSE
"260",TRUE,TRUE,FALSE,TRUE,FALSE,TRUE
"261",FALSE,TRUE,FALSE,FALSE,FALSE,TRUE
"262",TRUE,FALSE,FALSE,TRUE,FALSE,FALSE
"263",FALSE,TRUE,FALSE,TRUE,FALSE,FALSE
"264",FALSE,TRUE,TRUE,TRUE,FALSE,FALSE
"265",TRUE,TRUE,FALSE,FALSE,FALSE,TRUE
"266",FALSE,FALSE,FALSE,FALSE,FALSE,TRUE
"267",FALSE,FALSE,FALSE,FALSE,FALSE,TRUE
"268",FALSE,FALSE,TRUE,FALSE,FALSE,TRUE
"269",TRUE,FALSE,FALSE,FALSE,FALSE,TRUE
"270",FALSE,TRUE,FALSE,FALSE,FALSE,TRUE
"271",FALSE,FALSE,TRUE,FALSE,FALSE,TRUE
"272",FALSE,TRUE,TRUE,TRUE,TRUE,FALSE
"273",FALSE,TRUE,FALSE,TRUE,FALSE,FALSE
"274",FALSE,TRUE,FALSE,FALSE,FALSE,TRUE
"275",FALSE,FALSE,FALSE,FALSE,FALSE,TRUE
"276",FALSE,TRUE,FALSE,FALSE,FALSE,TRUE
"277",FALSE,FALSE,FALSE,FALSE,FALSE,TRUE
"278",FALSE,FALSE,TRUE,FALSE,FALSE,TRUE
"279",FALSE,FALSE,FALSE,FALSE,FALSE,TRUE
"280",TRUE,FALSE,FALSE,FALSE,FALSE,TRUE
"281",FALSE,FALSE,TRUE,FALSE,FALSE,TRUE
"282",FALSE,FALSE,TRUE,FALSE,FALSE,TRUE
"283",TRUE,FALSE,FALSE,FALSE,TRUE,TRUE
"284",FALSE,TRUE,TRUE,FALSE,FALSE,FALSE
"285",TRUE,TRUE,FALSE,FALSE,FALSE,TRUE
"286",TRUE,FALSE,FALSE,FALSE,FALSE,TRUE
"287",FALSE,TRUE,TRUE,FALSE,FALSE,TRUE
"288",FALSE,TRUE,FALSE,FALSE,FALSE,TRUE
"289",TRUE,TRUE,TRUE,TRUE,FALSE,TRUE
"290",FALSE,TRUE,TRUE,TRUE,TRUE,FALSE
"291",FALSE,FALSE,FALSE,FALSE,FALSE,FALSE
"292",FALSE,FALSE,TRUE,FALSE,FALSE,TRUE
"293",FALSE,TRUE,TRUE,FALSE,TRUE,TRUE
"294",TRUE,TRUE,TRUE,FALSE,FALSE,TRUE
"295",FALSE,TRUE,TRUE,TRUE,TRUE,FALSE
"296",FALSE,FALSE,TRUE,TRUE,FALSE,FALSE
"297",FALSE,TRUE,FALSE,FALSE,FALSE,TRUE
"298",FALSE,FALSE,TRUE,FALSE,TRUE,TRUE
"299",FALSE,FALSE,TRUE,FALSE,FALSE,TRUE
"300",FALSE,FALSE,TRUE,FALSE,FALSE,TRUE
"301",FALSE,FALSE,TRUE,FALSE,FALSE,TRUE
"302",FALSE,TRUE,TRUE,TRUE,FALSE,TRUE
"303",TRUE,TRUE,TRUE,FALSE,FALSE,TRUE
"304",FALSE,FALSE,TRUE,FALSE,FALSE,TRUE
"305",TRUE,TRUE,TRUE,TRUE,TRUE,FALSE
"306",FALSE,FALSE,TRUE,TRUE,FALSE,FALSE
"307",FALSE,FALSE,TRUE,FALSE,FALSE,TRUE
"308",FALSE,FALSE,TRUE,TRUE,FALSE,TRUE
"309",FALSE,TRUE,TRUE,TRUE,TRUE,FALSE
"310",TRUE,TRUE,FALSE,FALSE,FALSE,TRUE
"311",TRUE,TRUE,TRUE,TRUE,TRUE,FALSE
"312",TRUE,TRUE,TRUE,FALSE,FALSE,FALSE
"313",FALSE,TRUE,TRUE,FALSE,FALSE,TRUE
"314",FALSE,FALSE,FALSE,FALSE,FALSE,TRUE
"315",FALSE,TRUE,TRUE,FALSE,TRUE,TRUE
"316",TRUE,TRUE,FALSE,FALSE,TRUE,TRUE
"317",TRUE,TRUE,FALSE,TRUE,TRUE,FALSE
"318",TRUE,TRUE,TRUE,TRUE,FALSE,FALSE
"319",FALSE,TRUE,TRUE,FALSE,FALSE,TRUE
"320",FALSE,FALSE,TRUE,FALSE,FALSE,TRUE
"321",TRUE,TRUE,TRUE,TRUE,FALSE,FALSE
"322",TRUE,TRUE,TRUE,TRUE,TRUE,FALSE
"323",FALSE,TRUE,TRUE,TRUE,FALSE,FALSE
"324",TRUE,TRUE,TRUE,FALSE,FALSE,FALSE
"325",FALSE,TRUE,TRUE,TRUE,TRUE,FALSE
"326",TRUE,FALSE,TRUE,FALSE,FALSE,TRUE
"327",TRUE,FALSE,TRUE,FALSE,FALSE,TRUE
"328",TRUE,TRUE,TRUE,TRUE,TRUE,FALSE
"329",FALSE,TRUE,FALSE,TRUE,TRUE,FALSE
"330",FALSE,TRUE,TRUE,FALSE,TRUE,FALSE
"331",TRUE,TRUE,TRUE,TRUE,TRUE,FALSE
"332",TRUE,TRUE,TRUE,TRUE,FALSE,TRUE
"333",TRUE,FALSE,TRUE,FALSE,TRUE,TRUE
"334",FALSE,FALSE,TRUE,FALSE,FALSE,TRUE
"335",FALSE,FALSE,TRUE,FALSE,FALSE,TRUE
"336",TRUE,TRUE,FALSE,FALSE,TRUE,FALSE
"337",TRUE,FALSE,FALSE,FALSE,FALSE,TRUE
"338",FALSE,TRUE,FALSE,TRUE,FALSE,FALSE
"339",FALSE,TRUE,FALSE,FALSE,FALSE,TRUE
"340",FALSE,TRUE,FALSE,TRUE,FALSE,FALSE
"341",TRUE,TRUE,FALSE,TRUE,FALSE,FALSE
"342",TRUE,FALSE,TRUE,FALSE,FALSE,TRUE
"343",TRUE,TRUE,FALSE,FALSE,FALSE,TRUE
"344",TRUE,FALSE,FALSE,FALSE,FALSE,TRUE
"345",FALSE,FALSE,TRUE,FALSE,FALSE,TRUE
"346",TRUE,TRUE,FALSE,FALSE,FALSE,TRUE
"347",TRUE,FALSE,FALSE,FALSE,FALSE,TRUE
"348",FALSE,FALSE,TRUE,FALSE,FALSE,TRUE
"349",FALSE,TRUE,FALSE,FALSE,FALSE,TRUE
"350",TRUE,FALSE,FALSE,FALSE,FALSE,TRUE
"351",TRUE,TRUE,TRUE,FALSE,FALSE,TRUE
"352",TRUE,TRUE,FALSE,FALSE,FALSE,TRUE
"353",TRUE,FALSE,FALSE,FALSE,FALSE,TRUE
"354",TRUE,FALSE,TRUE,FALSE,FALSE,TRUE
"355",FALSE,FALSE,FALSE,FALSE,FALSE,TRUE
"356",TRUE,FALSE,FALSE,TRUE,TRUE,TRUE
"357",FALSE,FALSE,FALSE,FALSE,FALSE,TRUE
"358",FALSE,TRUE,FALSE,FALSE,FALSE,TRUE
"359",FALSE,FALSE,TRUE,FALSE,FALSE,TRUE
"360",FALSE,FALSE,TRUE,FALSE,FALSE,TRUE
"361",FALSE,TRUE,TRUE,FALSE,FALSE,TRUE
"362",TRUE,FALSE,TRUE,FALSE,FALSE,TRUE
"363",FALSE,TRUE,FALSE,FALSE,FALSE,TRUE
"364",TRUE,FALSE,TRUE,FALSE,FALSE,TRUE
"365",TRUE,TRUE,TRUE,TRUE,FALSE,FALSE
"366",FALSE,TRUE,FALSE,FALSE,FALSE,TRUE
"367",FALSE,TRUE,FALSE,FALSE,FALSE,TRUE
"368",TRUE,TRUE,TRUE,TRUE,FALSE,FALSE
"369",TRUE,TRUE,TRUE,TRUE,FALSE,FALSE
"370",FALSE,FALSE,FALSE,FALSE,FALSE,TRUE
"371",FALSE,TRUE,FALSE,FALSE,FALSE,TRUE
"372",FALSE,FALSE,FALSE,TRUE,FALSE,FALSE
"373",FALSE,FALSE,TRUE,FALSE,FALSE,TRUE
"374",FALSE,FALSE,FALSE,FALSE,FALSE,TRUE
"375",FALSE,TRUE,TRUE,TRUE,FALSE,FALSE
"376",FALSE,FALSE,FALSE,FALSE,FALSE,TRUE
"377",FALSE,TRUE,TRUE,TRUE,FALSE,FALSE
"378",FALSE,FALSE,FALSE,FALSE,FALSE,TRUE
"379",TRUE,FALSE,TRUE,TRUE,FALSE,FALSE
"380",FALSE,FALSE,TRUE,FALSE,FALSE,TRUE
"381",FALSE,FALSE,TRUE,FALSE,TRUE,TRUE
"382",FALSE,FALSE,FALSE,FALSE,FALSE,TRUE
"383",TRUE,FALSE,TRUE,FALSE,FALSE,TRUE
"384",TRUE,TRUE,TRUE,FALSE,TRUE,TRUE
"385",FALSE,FALSE,TRUE,FALSE,FALSE,TRUE
"386",TRUE,FALSE,FALSE,FALSE,TRUE,TRUE
"387",TRUE,TRUE,FALSE,TRUE,FALSE,FALSE
"388",FALSE,FALSE,FALSE,FALSE,TRUE,TRUE
"389",FALSE,TRUE,TRUE,TRUE,TRUE,FALSE
"390",FALSE,FALSE,TRUE,TRUE,FALSE,TRUE
"391",FALSE,FALSE,FALSE,FALSE,FALSE,TRUE
"392",TRUE,FALSE,FALSE,FALSE,FALSE,TRUE
"393",FALSE,FALSE,TRUE,FALSE,FALSE,TRUE
"394",TRUE,TRUE,TRUE,FALSE,FALSE,TRUE
"395",FALSE,FALSE,FALSE,FALSE,FALSE,TRUE
"396",TRUE,FALSE,TRUE,FALSE,FALSE,TRUE
"397",FALSE,TRUE,FALSE,FALSE,FALSE,TRUE
"398",TRUE,TRUE,TRUE,FALSE,TRUE,TRUE
"399",FALSE,TRUE,TRUE,TRUE,TRUE,TRUE
"400",TRUE,FALSE,TRUE,TRUE,FALSE,FALSE
"401",FALSE,FALSE,TRUE,FALSE,TRUE,FALSE
"402",FALSE,TRUE,FALSE,FALSE,FALSE,TRUE
"403",FALSE,FALSE,FALSE,TRUE,FALSE,FALSE
"404",TRUE,TRUE,TRUE,FALSE,FALSE,TRUE
"405",TRUE,TRUE,TRUE,FALSE,TRUE,FALSE
"406",FALSE,TRUE,TRUE,TRUE,TRUE,FALSE
"407",TRUE,FALSE,TRUE,FALSE,TRUE,TRUE
"408",TRUE,TRUE,TRUE,FALSE,FALSE,TRUE
"409",FALSE,FALSE,FALSE,FALSE,FALSE,TRUE
"410",TRUE,TRUE,TRUE,FALSE,FALSE,TRUE
"411",FALSE,TRUE,TRUE,FALSE,FALSE,TRUE
"412",FALSE,TRUE,FALSE,TRUE,TRUE,TRUE
"413",FALSE,FALSE,FALSE,FALSE,TRUE,TRUE
"414",TRUE,FALSE,TRUE,FALSE,TRUE,TRUE
"415",TRUE,TRUE,TRUE,FALSE,FALSE,TRUE
"416",FALSE,FALSE,TRUE,FALSE,FALSE,TRUE
"417",FALSE,FALSE,TRUE,FALSE,FALSE,TRUE
"418",FALSE,FALSE,FALSE,TRUE,FALSE,FALSE
"419",FALSE,FALSE,TRUE,FALSE,FALSE,TRUE
"420",FALSE,FALSE,FALSE,FALSE,FALSE,TRUE
"421",TRUE,FALSE,TRUE,FALSE,FALSE,TRUE
"422",FALSE,TRUE,TRUE,TRUE,TRUE,FALSE
"423",TRUE,TRUE,FALSE,TRUE,FALSE,FALSE
"424",FALSE,FALSE,FALSE,FALSE,FALSE,TRUE
"425",FALSE,FALSE,FALSE,FALSE,FALSE,TRUE
"426",TRUE,FALSE,TRUE,FALSE,FALSE,TRUE
"427",FALSE,TRUE,TRUE,FALSE,FALSE,TRUE
"428",TRUE,TRUE,FALSE,TRUE,FALSE,FALSE
"429",TRUE,TRUE,FALSE,FALSE,FALSE,FALSE
"430",FALSE,TRUE,TRUE,FALSE,FALSE,TRUE
"431",TRUE,TRUE,TRUE,FALSE,FALSE,TRUE
"432",FALSE,FALSE,TRUE,FALSE,FALSE,TRUE
"433",FALSE,TRUE,FALSE,FALSE,FALSE,TRUE
"434",FALSE,FALSE,FALSE,FALSE,FALSE,TRUE
"435",TRUE,FALSE,FALSE,FALSE,FALSE,TRUE
"436",TRUE,FALSE,FALSE,FALSE,FALSE,TRUE
"437",TRUE,FALSE,TRUE,FALSE,TRUE,TRUE
"438",TRUE,FALSE,FALSE,FALSE,FALSE,TRUE
"439",FALSE,FALSE,TRUE,FALSE,FALSE,TRUE
"440",FALSE,TRUE,FALSE,FALSE,FALSE,TRUE
"441",TRUE,TRUE,FALSE,FALSE,TRUE,TRUE
"442",FALSE,TRUE,TRUE,TRUE,TRUE,FALSE
"443",FALSE,TRUE,TRUE,FALSE,FALSE,TRUE
"444",FALSE,TRUE,FALSE,FALSE,FALSE,FALSE
"445",TRUE,FALSE,TRUE,FALSE,TRUE,TRUE
"446",FALSE,FALSE,FALSE,TRUE,TRUE,FALSE
"447",FALSE,TRUE,TRUE,FALSE,TRUE,TRUE
"448",FALSE,FALSE,TRUE,FALSE,FALSE,TRUE
"449",TRUE,FALSE,FALSE,FALSE,FALSE,TRUE
"450",FALSE,FALSE,FALSE,FALSE,FALSE,TRUE
"451",FALSE,TRUE,TRUE,FALSE,TRUE,FALSE
"452",TRUE,FALSE,FALSE,FALSE,FALSE,TRUE
"453",TRUE,FALSE,FALSE,FALSE,FALSE,TRUE
"454",TRUE,TRUE,TRUE,FALSE,FALSE,TRUE
"455",FALSE,TRUE,FALSE,FALSE,FALSE,TRUE
"456",FALSE,FALSE,TRUE,FALSE,FALSE,TRUE
"457",TRUE,TRUE,FALSE,TRUE,FALSE,FALSE
"458",FALSE,TRUE,FALSE,FALSE,FALSE,TRUE
"459",FALSE,FALSE,FALSE,FALSE,FALSE,TRUE
"460",TRUE,FALSE,FALSE,FALSE,TRUE,TRUE
"461",FALSE,FALSE,FALSE,FALSE,FALSE,TRUE
"462",TRUE,FALSE,FALSE,FALSE,FALSE,TRUE
"463",FALSE,FALSE,TRUE,TRUE,FALSE,FALSE
"464",FALSE,FALSE,FALSE,FALSE,FALSE,TRUE
"465",FALSE,TRUE,FALSE,FALSE,TRUE,TRUE
"466",FALSE,FALSE,FALSE,FALSE,FALSE,TRUE
"467",TRUE,TRUE,FALSE,FALSE,TRUE,TRUE
"468",TRUE,FALSE,FALSE,TRUE,FALSE,TRUE
"469",TRUE,TRUE,FALSE,FALSE,FALSE,TRUE
"470",FALSE,FALSE,TRUE,TRUE,FALSE,FALSE
"471",FALSE,FALSE,TRUE,TRUE,FALSE,FALSE
"472",FALSE,FALSE,FALSE,FALSE,FALSE,TRUE
"473",FALSE,TRUE,FALSE,TRUE,TRUE,FALSE
"474",FALSE,TRUE,TRUE,TRUE,FALSE,FALSE
"475",TRUE,TRUE,FALSE,FALSE,TRUE,TRUE
"476",TRUE,FALSE,FALSE,FALSE,TRUE,TRUE
"477",FALSE,FALSE,TRUE,FALSE,FALSE,TRUE
"478",FALSE,TRUE,TRUE,TRUE,TRUE,TRUE
"479",TRUE,TRUE,FALSE,FALSE,FALSE,TRUE
"480",FALSE,FALSE,TRUE,FALSE,FALSE,TRUE
"481",FALSE,TRUE,FALSE,FALSE,FALSE,TRUE
"482",FALSE,FALSE,FALSE,FALSE,FALSE,TRUE
"483",TRUE,FALSE,FALSE,FALSE,FALSE,TRUE
"484",TRUE,TRUE,FALSE,TRUE,FALSE,TRUE
"485",TRUE,TRUE,TRUE,FALSE,FALSE,TRUE
"486",FALSE,TRUE,FALSE,FALSE,FALSE,TRUE
"487",TRUE,TRUE,FALSE,FALSE,TRUE,TRUE
"488",FALSE,FALSE,FALSE,FALSE,TRUE,TRUE
"489",TRUE,FALSE,FALSE,FALSE,FALSE,TRUE
"490",TRUE,FALSE,FALSE,FALSE,FALSE,TRUE
"491",TRUE,FALSE,FALSE,FALSE,FALSE,TRUE
"492",FALSE,TRUE,TRUE,FALSE,FALSE,TRUE
"493",FALSE,FALSE,TRUE,FALSE,FALSE,TRUE
"494",FALSE,FALSE,TRUE,FALSE,FALSE,TRUE
"495",TRUE,FALSE,TRUE,TRUE,FALSE,FALSE
"496",TRUE,FALSE,FALSE,FALSE,FALSE,TRUE
"497",FALSE,FALSE,FALSE,FALSE,FALSE,TRUE
"498",TRUE,TRUE,TRUE,FALSE,TRUE,TRUE
"499",TRUE,TRUE,FALSE,FALSE,FALSE,TRUE
"500",TRUE,FALSE,TRUE,TRUE,FALSE,FALSE
"501",FALSE,FALSE,FALSE,TRUE,FALSE,FALSE
"502",TRUE,TRUE,FALSE,FALSE,FALSE,TRUE
"503",TRUE,FALSE,FALSE,FALSE,FALSE,TRUE
"504",TRUE,FALSE,FALSE,TRUE,FALSE,FALSE
"505",TRUE,TRUE,TRUE,TRUE,FALSE,FALSE
"506",FALSE,FALSE,TRUE,TRUE,TRUE,TRUE
"507",TRUE,TRUE,TRUE,FALSE,FALSE,TRUE
"508",TRUE,TRUE,FALSE,TRUE,FALSE,FALSE
"509",FALSE,FALSE,FALSE,FALSE,FALSE,TRUE
"510",FALSE,FALSE,FALSE,FALSE,FALSE,TRUE
"511",FALSE,FALSE,TRUE,FALSE,FALSE,TRUE
"512",TRUE,TRUE,TRUE,TRUE,TRUE,FALSE
"513",FALSE,TRUE,FALSE,FALSE,FALSE,TRUE
"514",TRUE,FALSE,TRUE,FALSE,TRUE,TRUE
"515",FALSE,TRUE,FALSE,FALSE,FALSE,TRUE
"516",TRUE,FALSE,FALSE,FALSE,FALSE,TRUE
"517",FALSE,TRUE,FALSE,TRUE,TRUE,FALSE
"518",FALSE,TRUE,TRUE,TRUE,TRUE,FALSE
"519",FALSE,TRUE,TRUE,FALSE,FALSE,TRUE
"520",TRUE,FALSE,TRUE,FALSE,FALSE,TRUE
"521",TRUE,FALSE,FALSE,FALSE,FALSE,TRUE
"522",FALSE,TRUE,FALSE,FALSE,TRUE,TRUE
"523",TRUE,TRUE,FALSE,FALSE,FALSE,TRUE
"524",TRUE,TRUE,TRUE,TRUE,FALSE,FALSE
"525",FALSE,TRUE,TRUE,TRUE,TRUE,FALSE
"526",FALSE,FALSE,FALSE,FALSE,FALSE,TRUE
"527",FALSE,TRUE,TRUE,FALSE,FALSE,TRUE
"528",FALSE,FALSE,FALSE,FALSE,FALSE,TRUE
"529",FALSE,FALSE,FALSE,FALSE,FALSE,TRUE
"530",FALSE,TRUE,TRUE,TRUE,FALSE,FALSE
"531",TRUE,TRUE,FALSE,FALSE,FALSE,TRUE
"532",TRUE,TRUE,FALSE,TRUE,TRUE,FALSE
"533",FALSE,FALSE,FALSE,FALSE,FALSE,TRUE
"534",TRUE,TRUE,TRUE,TRUE,FALSE,FALSE
"535",FALSE,TRUE,FALSE,FALSE,FALSE,TRUE
"536",FALSE,FALSE,FALSE,FALSE,FALSE,TRUE
"537",FALSE,TRUE,FALSE,FALSE,TRUE,TRUE
"538",FALSE,TRUE,TRUE,TRUE,FALSE,FALSE
"539",FALSE,TRUE,TRUE,TRUE,FALSE,TRUE
"540",FALSE,FALSE,FALSE,FALSE,FALSE,TRUE
"541",TRUE,TRUE,TRUE,TRUE,FALSE,FALSE
"542",FALSE,TRUE,FALSE,TRUE,TRUE,FALSE
"543",FALSE,FALSE,TRUE,TRUE,TRUE,TRUE
"544",TRUE,FALSE,TRUE,FALSE,FALSE,TRUE
"545",FALSE,FALSE,TRUE,FALSE,FALSE,TRUE
"546",FALSE,FALSE,TRUE,FALSE,FALSE,TRUE
"547",FALSE,FALSE,TRUE,FALSE,FALSE,TRUE
"548",TRUE,FALSE,TRUE,TRUE,FALSE,TRUE
"549",FALSE,FALSE,FALSE,FALSE,FALSE,TRUE
"550",FALSE,FALSE,FALSE,FALSE,FALSE,TRUE
"551",TRUE,FALSE,FALSE,FALSE,FALSE,TRUE
"552",TRUE,FALSE,FALSE,FALSE,FALSE,TRUE
"553",TRUE,FALSE,TRUE,FALSE,FALSE,TRUE
"554",TRUE,TRUE,FALSE,FALSE,FALSE,FALSE
"555",TRUE,FALSE,FALSE,FALSE,FALSE,TRUE
"556",FALSE,TRUE,FALSE,FALSE,TRUE,TRUE
"557",TRUE,FALSE,FALSE,FALSE,FALSE,TRUE
"558",TRUE,FALSE,TRUE,FALSE,FALSE,TRUE
"559",FALSE,FALSE,FALSE,FALSE,FALSE,TRUE
"560",TRUE,FALSE,FALSE,FALSE,FALSE,TRUE
"561",TRUE,FALSE,TRUE,FALSE,TRUE,TRUE
"562",TRUE,FALSE,FALSE,FALSE,FALSE,TRUE
"563",FALSE,TRUE,FALSE,FALSE,TRUE,TRUE
"564",TRUE,TRUE,TRUE,TRUE,FALSE,FALSE
"565",TRUE,FALSE,TRUE,FALSE,TRUE,TRUE
"566",FALSE,TRUE,FALSE,FALSE,FALSE,TRUE
"567",FALSE,FALSE,TRUE,TRUE,FALSE,FALSE
"568",TRUE,FALSE,TRUE,FALSE,TRUE,TRUE
"569",TRUE,TRUE,TRUE,FALSE,FALSE,FALSE
"570",TRUE,TRUE,FALSE,TRUE,FALSE,FALSE
"571",TRUE,FALSE,FALSE,FALSE,FALSE,TRUE
"572",TRUE,TRUE,TRUE,TRUE,FALSE,FALSE
"573",TRUE,TRUE,FALSE,TRUE,FALSE,FALSE
"574",TRUE,TRUE,TRUE,TRUE,TRUE,FALSE
"575",FALSE,TRUE,TRUE,TRUE,FALSE,FALSE
"576",FALSE,TRUE,FALSE,TRUE,FALSE,FALSE
"577",TRUE,TRUE,TRUE,FALSE,FALSE,TRUE
"578",TRUE,TRUE,TRUE,FALSE,FALSE,TRUE
"579",FALSE,FALSE,FALSE,FALSE,FALSE,TRUE
"580",FALSE,FALSE,TRUE,FALSE,FALSE,TRUE
"581",FALSE,TRUE,FALSE,FALSE,FALSE,FALSE
"582",TRUE,TRUE,FALSE,FALSE,FALSE,TRUE
"583",FALSE,TRUE,TRUE,TRUE,FALSE,FALSE
"584",TRUE,TRUE,TRUE,TRUE,FALSE,TRUE
"585",FALSE,TRUE,TRUE,FALSE,FALSE,FALSE
"586",FALSE,FALSE,TRUE,TRUE,FALSE,FALSE
"587",TRUE,FALSE,FALSE,FALSE,FALSE,TRUE
"588",FALSE,FALSE,TRUE,TRUE,FALSE,FALSE
"589",TRUE,FALSE,FALSE,FALSE,FALSE,TRUE
"590",FALSE,TRUE,TRUE,TRUE,FALSE,FALSE
"591",TRUE,TRUE,TRUE,FALSE,FALSE,TRUE
"592",FALSE,FALSE,TRUE,TRUE,TRUE,FALSE
"593",TRUE,TRUE,FALSE,TRUE,TRUE,TRUE
"594",TRUE,FALSE,TRUE,FALSE,FALSE,TRUE
"595",FALSE,FALSE,FALSE,FALSE,FALSE,TRUE
"596",TRUE,TRUE,TRUE,TRUE,TRUE,TRUE
"597",FALSE,FALSE,TRUE,FALSE,FALSE,TRUE
"598",FALSE,FALSE,TRUE,FALSE,FALSE,TRUE
"599",FALSE,TRUE,TRUE,TRUE,TRUE,FALSE
"600",TRUE,FALSE,FALSE,FALSE,TRUE,TRUE
"601",TRUE,TRUE,FALSE,TRUE,TRUE,FALSE
"602",FALSE,TRUE,FALSE,FALSE,FALSE,TRUE
"603",TRUE,FALSE,FALSE,TRUE,FALSE,FALSE
"604",TRUE,FALSE,FALSE,FALSE,FALSE,TRUE
"605",TRUE,TRUE,TRUE,FALSE,FALSE,TRUE
"606",FALSE,FALSE,FALSE,TRUE,FALSE,FALSE
"607",FALSE,TRUE,FALSE,TRUE,FALSE,FALSE
"608",FALSE,TRUE,TRUE,TRUE,FALSE,FALSE
"609",TRUE,TRUE,FALSE,TRUE,FALSE,FALSE
"610",TRUE,FALSE,FALSE,FALSE,FALSE,TRUE
"611",TRUE,TRUE,TRUE,TRUE,FALSE,FALSE
"612",FALSE,FALSE,FALSE,FALSE,FALSE,TRUE
"613",FALSE,FALSE,FALSE,FALSE,FALSE,FALSE
"614",FALSE,FALSE,FALSE,FALSE,FALSE,TRUE
"615",TRUE,TRUE,TRUE,TRUE,FALSE,FALSE
"616",FALSE,FALSE,TRUE,FALSE,FALSE,TRUE
"617",TRUE,FALSE,FALSE,FALSE,FALSE,TRUE
"618",TRUE,FALSE,FALSE,FALSE,FALSE,TRUE
"619",FALSE,TRUE,FALSE,FALSE,FALSE,TRUE
"620",TRUE,FALSE,FALSE,TRUE,FALSE,TRUE
"621",TRUE,FALSE,FALSE,TRUE,FALSE,FALSE
"622",FALSE,FALSE,FALSE,FALSE,FALSE,TRUE
"623",FALSE,TRUE,FALSE,TRUE,FALSE,FALSE
"624",FALSE,TRUE,FALSE,TRUE,FALSE,FALSE
"625",FALSE,FALSE,FALSE,FALSE,FALSE,TRUE
"626",FALSE,FALSE,TRUE,FALSE,FALSE,TRUE
"627",FALSE,FALSE,TRUE,FALSE,FALSE,TRUE
"628",FALSE,FALSE,TRUE,FALSE,FALSE,TRUE
"629",FALSE,FALSE,FALSE,FALSE,FALSE,TRUE
"630",FALSE,FALSE,TRUE,FALSE,FALSE,TRUE
"631",TRUE,TRUE,TRUE,TRUE,TRUE,FALSE
"632",TRUE,FALSE,FALSE,TRUE,FALSE,FALSE
"633",TRUE,FALSE,FALSE,TRUE,TRUE,FALSE
"634",TRUE,FALSE,FALSE,FALSE,FALSE,FALSE
"635",FALSE,FALSE,TRUE,TRUE,FALSE,FALSE
"636",TRUE,FALSE,FALSE,TRUE,TRUE,TRUE
"637",FALSE,FALSE,FALSE,FALSE,FALSE,TRUE
"638",TRUE,FALSE,FALSE,TRUE,FALSE,FALSE
"639",FALSE,FALSE,FALSE,FALSE,FALSE,TRUE
"640",TRUE,FALSE,FALSE,TRUE,FALSE,TRUE
"641",FALSE,TRUE,TRUE,FALSE,TRUE,TRUE
"642",FALSE,TRUE,TRUE,FALSE,FALSE,TRUE
"643",FALSE,FALSE,TRUE,FALSE,FALSE,TRUE
"644",FALSE,FALSE,TRUE,FALSE,FALSE,TRUE
"645",FALSE,FALSE,TRUE,TRUE,TRUE,FALSE
"646",TRUE,FALSE,TRUE,FALSE,FALSE,TRUE
"647",FALSE,FALSE,TRUE,FALSE,FALSE,TRUE
"648",TRUE,FALSE,TRUE,FALSE,TRUE,TRUE
"649",FALSE,FALSE,TRUE,TRUE,FALSE,FALSE
"650",TRUE,TRUE,TRUE,TRUE,FALSE,FALSE
"651",TRUE,TRUE,TRUE,FALSE,TRUE,FALSE
"652",FALSE,TRUE,TRUE,FALSE,FALSE,TRUE
"653",TRUE,FALSE,TRUE,TRUE,FALSE,FALSE
"654",FALSE,TRUE,TRUE,TRUE,TRUE,TRUE
"655",FALSE,FALSE,TRUE,TRUE,FALSE,FALSE
"656",FALSE,FALSE,TRUE,TRUE,FALSE,FALSE
"657",TRUE,FALSE,FALSE,TRUE,TRUE,TRUE
"658",FALSE,FALSE,TRUE,TRUE,TRUE,FALSE
"659",FALSE,FALSE,TRUE,FALSE,FALSE,TRUE
"660",TRUE,FALSE,FALSE,TRUE,FALSE,FALSE
"661",FALSE,FALSE,TRUE,FALSE,FALSE,TRUE
"662",FALSE,FALSE,FALSE,FALSE,FALSE,TRUE
"663",FALSE,FALSE,TRUE,FALSE,FALSE,TRUE
"664",TRUE,TRUE,FALSE,TRUE,FALSE,FALSE
"665",FALSE,TRUE,FALSE,FALSE,TRUE,TRUE
"666",TRUE,FALSE,FALSE,TRUE,FALSE,TRUE
"667",TRUE,TRUE,FALSE,FALSE,TRUE,TRUE
"668",FALSE,FALSE,FALSE,FALSE,FALSE,TRUE
"669",FALSE,FALSE,TRUE,FALSE,FALSE,TRUE
"670",TRUE,TRUE,FALSE,TRUE,FALSE,FALSE
"671",TRUE,TRUE,TRUE,TRUE,FALSE,FALSE
"672",TRUE,TRUE,FALSE,TRUE,FALSE,FALSE
"673",TRUE,FALSE,TRUE,TRUE,TRUE,FALSE
"674",FALSE,TRUE,TRUE,TRUE,FALSE,FALSE
"675",TRUE,FALSE,FALSE,FALSE,TRUE,TRUE
"676",TRUE,TRUE,FALSE,FALSE,FALSE,TRUE
"677",TRUE,FALSE,FALSE,FALSE,FALSE,TRUE
"678",FALSE,FALSE,TRUE,FALSE,TRUE,TRUE
"679",FALSE,FALSE,TRUE,FALSE,FALSE,TRUE
"680",TRUE,TRUE,TRUE,FALSE,TRUE,TRUE
"681",TRUE,TRUE,TRUE,TRUE,TRUE,TRUE
"682",TRUE,FALSE,FALSE,FALSE,TRUE,TRUE
"683",FALSE,TRUE,FALSE,FALSE,FALSE,TRUE
"684",FALSE,TRUE,FALSE,FALSE,TRUE,TRUE
"685",TRUE,TRUE,TRUE,FALSE,FALSE,FALSE
"686",TRUE,TRUE,TRUE,TRUE,FALSE,TRUE
"687",FALSE,FALSE,TRUE,FALSE,TRUE,TRUE
"688",FALSE,FALSE,FALSE,FALSE,FALSE,TRUE
"689",FALSE,FALSE,FALSE,FALSE,FALSE,TRUE
"690",FALSE,FALSE,FALSE,TRUE,FALSE,TRUE
"691",TRUE,FALSE,FALSE,FALSE,FALSE,TRUE
"692",TRUE,TRUE,TRUE,FALSE,FALSE,TRUE
"693",TRUE,FALSE,FALSE,FALSE,FALSE,TRUE
"694",TRUE,TRUE,TRUE,FALSE,FALSE,TRUE
"695",TRUE,TRUE,TRUE,TRUE,FALSE,FALSE
"696",FALSE,FALSE,TRUE,TRUE,FALSE,TRUE
"697",FALSE,FALSE,TRUE,TRUE,TRUE,FALSE
"698",FALSE,FALSE,FALSE,FALSE,FALSE,TRUE
"699",FALSE,FALSE,TRUE,FALSE,FALSE,TRUE
"700",TRUE,FALSE,FALSE,FALSE,FALSE,TRUE
"701",TRUE,FALSE,FALSE,FALSE,FALSE,FALSE
"702",TRUE,FALSE,FALSE,FALSE,FALSE,TRUE
"703",TRUE,FALSE,FALSE,FALSE,TRUE,TRUE
"704",TRUE,TRUE,TRUE,TRUE,FALSE,FALSE
"705",TRUE,TRUE,TRUE,FALSE,FALSE,TRUE
"706",TRUE,FALSE,FALSE,FALSE,FALSE,TRUE
"707",FALSE,FALSE,FALSE,FALSE,TRUE,TRUE
"708",TRUE,TRUE,TRUE,TRUE,FALSE,FALSE
"709",FALSE,FALSE,TRUE,FALSE,FALSE,TRUE
"710",TRUE,TRUE,FALSE,TRUE,FALSE,FALSE
"711",FALSE,TRUE,TRUE,FALSE,FALSE,TRUE
"712",FALSE,TRUE,FALSE,FALSE,FALSE,TRUE
"713",FALSE,TRUE,TRUE,TRUE,TRUE,FALSE
"714",TRUE,TRUE,FALSE,FALSE,FALSE,FALSE
"715",TRUE,FALSE,FALSE,FALSE,FALSE,TRUE
"716",TRUE,FALSE,TRUE,TRUE,TRUE,FALSE
"717",TRUE,TRUE,FALSE,FALSE,FALSE,TRUE
"718",FALSE,TRUE,TRUE,TRUE,FALSE,FALSE
"719",TRUE,FALSE,TRUE,FALSE,FALSE,FALSE
"720",FALSE,FALSE,FALSE,FALSE,FALSE,TRUE
"721",FALSE,TRUE,FALSE,FALSE,FALSE,TRUE
"722",FALSE,TRUE,TRUE,TRUE,FALSE,FALSE
"723",TRUE,TRUE,FALSE,FALSE,FALSE,TRUE
"724",FALSE,FALSE,TRUE,FALSE,FALSE,TRUE
"725",TRUE,FALSE,FALSE,TRUE,TRUE,TRUE
"726",FALSE,FALSE,FALSE,FALSE,FALSE,TRUE
"727",TRUE,TRUE,FALSE,FALSE,FALSE,TRUE
"728",TRUE,FALSE,TRUE,TRUE,FALSE,FALSE
"729",FALSE,TRUE,TRUE,TRUE,TRUE,FALSE
"730",TRUE,TRUE,FALSE,FALSE,FALSE,TRUE
"731",FALSE,TRUE,FALSE,TRUE,FALSE,FALSE
"732",FALSE,TRUE,FALSE,FALSE,FALSE,TRUE
"733",FALSE,TRUE,TRUE,TRUE,FALSE,FALSE
"734",TRUE,FALSE,TRUE,FALSE,TRUE,TRUE
"735",FALSE,TRUE,FALSE,TRUE,FALSE,FALSE
"736",FALSE,TRUE,FALSE,TRUE,TRUE,FALSE
"737",FALSE,TRUE,TRUE,TRUE,FALSE,FALSE
"738",TRUE,FALSE,TRUE,TRUE,FALSE,FALSE
"739",TRUE,TRUE,TRUE,TRUE,FALSE,FALSE
"740",TRUE,TRUE,FALSE,TRUE,TRUE,FALSE
"741",FALSE,TRUE,TRUE,FALSE,FALSE,TRUE
"742",FALSE,TRUE,TRUE,FALSE,TRUE,FALSE
"743",FALSE,TRUE,TRUE,TRUE,TRUE,FALSE
"744",TRUE,FALSE,TRUE,FALSE,FALSE,TRUE
"745",FALSE,FALSE,TRUE,FALSE,FALSE,TRUE
"746",TRUE,FALSE,TRUE,TRUE,FALSE,FALSE
"747",TRUE,FALSE,FALSE,FALSE,FALSE,FALSE
"748",FALSE,FALSE,FALSE,FALSE,TRUE,TRUE
"749",FALSE,TRUE,TRUE,FALSE,FALSE,TRUE
"750",FALSE,TRUE,FALSE,FALSE,FALSE,TRUE
"751",TRUE,FALSE,TRUE,FALSE,TRUE,TRUE
"752",TRUE,TRUE,FALSE,TRUE,TRUE,FALSE
"753",TRUE,FALSE,FALSE,FALSE,FALSE,TRUE
"754",FALSE,FALSE,TRUE,FALSE,FALSE,TRUE
"755",FALSE,FALSE,TRUE,FALSE,TRUE,TRUE
"756",TRUE,FALSE,FALSE,TRUE,FALSE,TRUE
"757",TRUE,FALSE,FALSE,TRUE,FALSE,FALSE
"758",FALSE,FALSE,TRUE,FALSE,FALSE,TRUE
"759",FALSE,FALSE,FALSE,TRUE,FALSE,FALSE
"760",FALSE,FALSE,FALSE,FALSE,FALSE,TRUE
"761",TRUE,TRUE,FALSE,FALSE,FALSE,TRUE
"762",FALSE,FALSE,FALSE,FALSE,FALSE,TRUE
"763",FALSE,FALSE,FALSE,FALSE,FALSE,TRUE
"764",TRUE,FALSE,FALSE,TRUE,FALSE,FALSE
"765",FALSE,FALSE,FALSE,FALSE,FALSE,TRUE
"766",FALSE,TRUE,FALSE,TRUE,FALSE,FALSE
"767",FALSE,TRUE,FALSE,FALSE,FALSE,TRUE
"768",FALSE,FALSE,FALSE,FALSE,FALSE,TRUE
"769",FALSE,FALSE,TRUE,FALSE,FALSE,TRUE
"770",FALSE,TRUE,FALSE,FALSE,FALSE,TRUE
"771",TRUE,TRUE,FALSE,FALSE,FALSE,TRUE
"772",TRUE,FALSE,FALSE,FALSE,FALSE,TRUE
"773",FALSE,FALSE,FALSE,FALSE,FALSE,TRUE
"774",FALSE,FALSE,FALSE,FALSE,FALSE,TRUE
"775",FALSE,FALSE,FALSE,TRUE,FALSE,FALSE
"776",TRUE,FALSE,FALSE,FALSE,FALSE,TRUE
"777",TRUE,FALSE,FALSE,FALSE,FALSE,TRUE
"778",FALSE,TRUE,TRUE,FALSE,FALSE,TRUE
"779",FALSE,TRUE,FALSE,FALSE,TRUE,TRUE
"780",TRUE,TRUE,FALSE,TRUE,FALSE,FALSE
"781",TRUE,TRUE,TRUE,TRUE,FALSE,FALSE
"782",TRUE,FALSE,FALSE,TRUE,TRUE,FALSE
"783",TRUE,TRUE,FALSE,FALSE,TRUE,TRUE
"784",FALSE,FALSE,FALSE,TRUE,FALSE,FALSE
"785",FALSE,FALSE,TRUE,FALSE,FALSE,TRUE
"786",TRUE,TRUE,FALSE,FALSE,FALSE,TRUE
"787",FALSE,FALSE,FALSE,FALSE,FALSE,TRUE
"788",FALSE,TRUE,FALSE,FALSE,FALSE,TRUE
"789",TRUE,FALSE,FALSE,FALSE,TRUE,TRUE
"790",TRUE,FALSE,TRUE,FALSE,FALSE,TRUE
"791",FALSE,FALSE,FALSE,FALSE,FALSE,TRUE
"792",FALSE,FALSE,FALSE,FALSE,FALSE,FALSE
"793",TRUE,FALSE,FALSE,FALSE,FALSE,TRUE
"794",FALSE,TRUE,FALSE,FALSE,TRUE,TRUE
"795",FALSE,FALSE,TRUE,FALSE,FALSE,TRUE
"796",FALSE,FALSE,TRUE,TRUE,FALSE,FALSE
"797",FALSE,FALSE,FALSE,FALSE,FALSE,TRUE
"798",FALSE,TRUE,FALSE,FALSE,TRUE,TRUE
"799",TRUE,FALSE,FALSE,FALSE,FALSE,TRUE
"800",TRUE,FALSE,FALSE,FALSE,FALSE,TRUE
"801",TRUE,TRUE,TRUE,TRUE,FALSE,FALSE
"802",FALSE,FALSE,FALSE,FALSE,FALSE,TRUE
"803",TRUE,FALSE,TRUE,FALSE,FALSE,TRUE
"804",FALSE,FALSE,TRUE,FALSE,FALSE,TRUE
"805",FALSE,TRUE,TRUE,TRUE,FALSE,FALSE
"806",TRUE,FALSE,TRUE,FALSE,FALSE,TRUE
"807",FALSE,FALSE,TRUE,FALSE,FALSE,TRUE
"808",FALSE,TRUE,TRUE,TRUE,TRUE,FALSE
"809",FALSE,FALSE,TRUE,TRUE,FALSE,FALSE
"810",TRUE,TRUE,FALSE,TRUE,TRUE,FALSE
"811",FALSE,TRUE,TRUE,FALSE,TRUE,TRUE
"812",FALSE,TRUE,TRUE,TRUE,TRUE,FALSE
"813",TRUE,TRUE,FALSE,TRUE,FALSE,FALSE
"814",FALSE,TRUE,TRUE,TRUE,TRUE,FALSE
"815",TRUE,TRUE,TRUE,FALSE,FALSE,TRUE
"816",TRUE,TRUE,TRUE,TRUE,FALSE,FALSE
"817",TRUE,FALSE,TRUE,FALSE,FALSE,TRUE
"818",TRUE,FALSE,FALSE,TRUE,TRUE,FALSE
"819",TRUE,FALSE,FALSE,TRUE,TRUE,TRUE
"820",FALSE,TRUE,FALSE,FALSE,FALSE,TRUE
"821",FALSE,FALSE,TRUE,TRUE,FALSE,TRUE
"822",FALSE,FALSE,FALSE,FALSE,FALSE,TRUE
"823",TRUE,TRUE,TRUE,FALSE,FALSE,TRUE
"824",FALSE,FALSE,TRUE,FALSE,FALSE,TRUE
"825",TRUE,FALSE,FALSE,TRUE,FALSE,FALSE
"826",FALSE,TRUE,TRUE,FALSE,TRUE,TRUE
"827",FALSE,FALSE,FALSE,FALSE,FALSE,TRUE
"828",TRUE,TRUE,TRUE,FALSE,TRUE,FALSE
"829",FALSE,TRUE,TRUE,FALSE,FALSE,TRUE
"830",TRUE,TRUE,TRUE,TRUE,FALSE,FALSE
"831",TRUE,TRUE,TRUE,FALSE,FALSE,TRUE
"832",TRUE,TRUE,TRUE,TRUE,TRUE,FALSE
"833",TRUE,TRUE,TRUE,TRUE,TRUE,FALSE
"834",FALSE,TRUE,TRUE,FALSE,FALSE,TRUE
"835",FALSE,FALSE,FALSE,TRUE,FALSE,TRUE
"836",FALSE,TRUE,FALSE,TRUE,TRUE,FALSE
"837",FALSE,FALSE,FALSE,TRUE,TRUE,TRUE
"838",FALSE,FALSE,TRUE,FALSE,TRUE,TRUE
"839",FALSE,TRUE,TRUE,FALSE,TRUE,TRUE
"840",TRUE,TRUE,FALSE,FALSE,TRUE,TRUE
"841",TRUE,TRUE,FALSE,TRUE,TRUE,TRUE
"842",TRUE,TRUE,TRUE,TRUE,FALSE,FALSE
"843",FALSE,FALSE,TRUE,FALSE,FALSE,TRUE
"844",FALSE,FALSE,TRUE,FALSE,FALSE,TRUE
"845",FALSE,TRUE,TRUE,FALSE,FALSE,TRUE
"846",TRUE,FALSE,TRUE,FALSE,TRUE,TRUE
"847",FALSE,FALSE,TRUE,TRUE,TRUE,FALSE
"848",TRUE,TRUE,TRUE,FALSE,TRUE,TRUE
"849",FALSE,FALSE,TRUE,TRUE,FALSE,FALSE
"850",TRUE,TRUE,TRUE,FALSE,FALSE,TRUE
"851",TRUE,TRUE,FALSE,TRUE,TRUE,TRUE
"852",FALSE,FALSE,TRUE,FALSE,FALSE,TRUE
"853",FALSE,TRUE,FALSE,FALSE,FALSE,TRUE
"854",TRUE,FALSE,FALSE,FALSE,FALSE,TRUE
"855",FALSE,FALSE,TRUE,FALSE,FALSE,TRUE
"856",FALSE,TRUE,TRUE,FALSE,TRUE,TRUE
"857",TRUE,TRUE,TRUE,FALSE,FALSE,TRUE
"858",FALSE,FALSE,TRUE,FALSE,FALSE,TRUE
"859",FALSE,TRUE,TRUE,TRUE,TRUE,FALSE
"860",FALSE,FALSE,TRUE,FALSE,TRUE,TRUE
"861",TRUE,FALSE,TRUE,FALSE,FALSE,TRUE
"862",FALSE,FALSE,TRUE,TRUE,FALSE,FALSE
"863",FALSE,FALSE,TRUE,FALSE,FALSE,TRUE
"864",TRUE,FALSE,TRUE,FALSE,FALSE,TRUE
"865",TRUE,TRUE,TRUE,FALSE,FALSE,TRUE
"866",FALSE,FALSE,FALSE,FALSE,FALSE,TRUE
"867",FALSE,FALSE,FALSE,FALSE,FALSE,TRUE
"868",FALSE,FALSE,TRUE,FALSE,FALSE,TRUE
"869",TRUE,TRUE,FALSE,FALSE,FALSE,TRUE
"870",FALSE,FALSE,FALSE,FALSE,FALSE,TRUE
"871",TRUE,TRUE,TRUE,TRUE,TRUE,FALSE
"872",FALSE,TRUE,TRUE,FALSE,FALSE,TRUE
"873",FALSE,FALSE,TRUE,FALSE,FALSE,TRUE
"874",TRUE,TRUE,TRUE,TRUE,TRUE,FALSE
"875",FALSE,FALSE,FALSE,FALSE,TRUE,TRUE
"876",TRUE,FALSE,TRUE,FALSE,FALSE,FALSE
"877",TRUE,FALSE,TRUE,TRUE,FALSE,FALSE
"878",FALSE,FALSE,TRUE,FALSE,FALSE,TRUE
"879",FALSE,FALSE,TRUE,TRUE,FALSE,FALSE
"880",FALSE,FALSE,TRUE,FALSE,FALSE,TRUE
"881",TRUE,TRUE,FALSE,FALSE,FALSE,TRUE
"882",TRUE,FALSE,TRUE,FALSE,TRUE,TRUE
"883",FALSE,FALSE,FALSE,FALSE,FALSE,TRUE
"884",FALSE,FALSE,FALSE,FALSE,FALSE,TRUE
"885",TRUE,FALSE,TRUE,FALSE,TRUE,TRUE
"886",FALSE,FALSE,FALSE,TRUE,FALSE,TRUE
"887",TRUE,FALSE,TRUE,FALSE,FALSE,TRUE
"888",TRUE,FALSE,TRUE,FALSE,FALSE,TRUE
"889",FALSE,TRUE,TRUE,FALSE,FALSE,TRUE
"890",TRUE,TRUE,FALSE,TRUE,FALSE,FALSE
"891",TRUE,TRUE,TRUE,TRUE,TRUE,FALSE
"892",FALSE,FALSE,TRUE,FALSE,FALSE,TRUE
"893",FALSE,TRUE,TRUE,FALSE,FALSE,TRUE
"894",TRUE,TRUE,FALSE,TRUE,FALSE,TRUE
"895",FALSE,FALSE,TRUE,FALSE,FALSE,TRUE
"896",FALSE,TRUE,TRUE,TRUE,FALSE,FALSE
"897",FALSE,FALSE,FALSE,FALSE,TRUE,TRUE
"898",FALSE,TRUE,TRUE,FALSE,TRUE,TRUE
"899",FALSE,FALSE,FALSE,TRUE,FALSE,FALSE
"900",TRUE,FALSE,FALSE,FALSE,FALSE,TRUE
"901",FALSE,TRUE,TRUE,FALSE,FALSE,TRUE
"902",FALSE,TRUE,TRUE,FALSE,FALSE,TRUE
"903",FALSE,FALSE,TRUE,FALSE,FALSE,TRUE
"904",TRUE,FALSE,FALSE,TRUE,FALSE,TRUE
"905",FALSE,FALSE,TRUE,FALSE,FALSE,TRUE
"906",FALSE,TRUE,FALSE,TRUE,TRUE,FALSE
"907",FALSE,FALSE,FALSE,TRUE,FALSE,FALSE
"908",FALSE,TRUE,FALSE,TRUE,FALSE,FALSE
"909",TRUE,TRUE,FALSE,TRUE,FALSE,FALSE
"910",TRUE,TRUE,FALSE,FALSE,FALSE,TRUE
"911",FALSE,TRUE,TRUE,TRUE,FALSE,FALSE
"912",FALSE,FALSE,FALSE,TRUE,FALSE,TRUE
"913",FALSE,FALSE,FALSE,TRUE,FALSE,FALSE
"914",FALSE,TRUE,TRUE,FALSE,FALSE,TRUE
"915",FALSE,FALSE,TRUE,FALSE,FALSE,TRUE
"916",FALSE,TRUE,TRUE,FALSE,FALSE,TRUE
"917",TRUE,FALSE,FALSE,FALSE,FALSE,TRUE
"918",FALSE,TRUE,FALSE,TRUE,FALSE,FALSE
"919",FALSE,FALSE,TRUE,FALSE,FALSE,TRUE
"920",FALSE,TRUE,FALSE,FALSE,TRUE,TRUE
"921",FALSE,FALSE,TRUE,FALSE,FALSE,TRUE
"922",TRUE,TRUE,TRUE,FALSE,FALSE,TRUE
"923",FALSE,FALSE,TRUE,TRUE,FALSE,FALSE
"924",FALSE,FALSE,FALSE,FALSE,FALSE,TRUE
"925",FALSE,TRUE,FALSE,FALSE,FALSE,TRUE
"926",FALSE,FALSE,TRUE,TRUE,FALSE,TRUE
"927",FALSE,FALSE,TRUE,FALSE,TRUE,TRUE
"928",TRUE,TRUE,TRUE,TRUE,TRUE,FALSE
"929",FALSE,TRUE,TRUE,FALSE,FALSE,TRUE
"930",FALSE,TRUE,TRUE,FALSE,TRUE,TRUE
"931",FALSE,FALSE,TRUE,TRUE,TRUE,FALSE
"932",FALSE,FALSE,FALSE,FALSE,TRUE,TRUE
"933",TRUE,FALSE,TRUE,FALSE,FALSE,TRUE
"934",TRUE,FALSE,TRUE,FALSE,FALSE,TRUE
"935",FALSE,FALSE,FALSE,TRUE,FALSE,TRUE
"936",FALSE,TRUE,FALSE,FALSE,FALSE,TRUE
"937",FALSE,FALSE,TRUE,FALSE,FALSE,TRUE
"938",TRUE,FALSE,TRUE,FALSE,TRUE,FALSE
"939",FALSE,TRUE,TRUE,TRUE,TRUE,FALSE
"940",TRUE,TRUE,TRUE,TRUE,FALSE,FALSE
"941",TRUE,FALSE,FALSE,FALSE,TRUE,TRUE
"942",FALSE,FALSE,TRUE,TRUE,FALSE,FALSE
"943",FALSE,FALSE,TRUE,FALSE,FALSE,TRUE
"944",FALSE,TRUE,TRUE,TRUE,FALSE,FALSE
"945",FALSE,TRUE,TRUE,TRUE,TRUE,FALSE
"946",TRUE,TRUE,TRUE,TRUE,FALSE,FALSE
"947",TRUE,FALSE,TRUE,TRUE,TRUE,FALSE
"948",FALSE,TRUE,TRUE,TRUE,FALSE,FALSE
"949",FALSE,FALSE,TRUE,FALSE,FALSE,TRUE
"950",FALSE,TRUE,TRUE,FALSE,TRUE,TRUE
"951",TRUE,TRUE,TRUE,TRUE,FALSE,FALSE
"952",FALSE,TRUE,TRUE,FALSE,FALSE,TRUE
"953",FALSE,FALSE,TRUE,TRUE,FALSE,FALSE
"954",TRUE,TRUE,TRUE,FALSE,TRUE,TRUE
"955",TRUE,FALSE,FALSE,FALSE,FALSE,TRUE
"956",FALSE,FALSE,TRUE,FALSE,FALSE,TRUE
"957",TRUE,FALSE,TRUE,FALSE,TRUE,TRUE
"958",FALSE,FALSE,TRUE,FALSE,FALSE,TRUE
"959",FALSE,TRUE,TRUE,FALSE,TRUE,TRUE
"960",FALSE,FALSE,TRUE,FALSE,TRUE,TRUE
"961",TRUE,TRUE,TRUE,FALSE,FALSE,TRUE
"962",FALSE,FALSE,TRUE,FALSE,FALSE,TRUE
"963",FALSE,TRUE,TRUE,FALSE,TRUE,TRUE
"964",TRUE,TRUE,TRUE,FALSE,TRUE,FALSE
"965",TRUE,TRUE,TRUE,TRUE,TRUE,FALSE
"966",TRUE,FALSE,FALSE,TRUE,FALSE,FALSE
"967",FALSE,TRUE,TRUE,FALSE,TRUE,TRUE
"968",FALSE,FALSE,TRUE,FALSE,FALSE,TRUE
"969",TRUE,FALSE,TRUE,TRUE,TRUE,FALSE
"970",TRUE,FALSE,TRUE,FALSE,TRUE,TRUE
"971",FALSE,FALSE,FALSE,FALSE,FALSE,TRUE
"972",FALSE,TRUE,TRUE,TRUE,FALSE,FALSE
"973",FALSE,FALSE,TRUE,FALSE,FALSE,TRUE
"974",FALSE,FALSE,TRUE,TRUE,FALSE,FALSE
"975",TRUE,TRUE,TRUE,FALSE,FALSE,FALSE
"976",TRUE,TRUE,TRUE,FALSE,FALSE,TRUE
"977",FALSE,FALSE,TRUE,FALSE,FALSE,TRUE
"978",FALSE,FALSE,TRUE,FALSE,FALSE,TRUE
"979",FALSE,FALSE,FALSE,FALSE,FALSE,TRUE
"980",FALSE,FALSE,TRUE,FALSE,FALSE,TRUE
"981",FALSE,TRUE,FALSE,FALSE,FALSE,TRUE
"982",TRUE,FALSE,FALSE,FALSE,FALSE,TRUE
"983",FALSE,TRUE,FALSE,TRUE,TRUE,FALSE
"984",TRUE,TRUE,FALSE,FALSE,FALSE,TRUE
"985",FALSE,TRUE,FALSE,FALSE,FALSE,TRUE
"986",FALSE,TRUE,FALSE,TRUE,FALSE,FALSE
"987",TRUE,FALSE,FALSE,FALSE,FALSE,TRUE
"988",FALSE,FALSE,TRUE,FALSE,FALSE,FALSE
"989",FALSE,FALSE,TRUE,FALSE,FALSE,TRUE
"990",FALSE,TRUE,FALSE,FALSE,FALSE,TRUE
"991",FALSE,TRUE,FALSE,TRUE,TRUE,TRUE
"992",FALSE,FALSE,FALSE,TRUE,FALSE,FALSE
"993",FALSE,TRUE,FALSE,TRUE,TRUE,FALSE
"994",TRUE,TRUE,FALSE,FALSE,FALSE,FALSE
"995",FALSE,FALSE,TRUE,FALSE,TRUE,FALSE
"996",TRUE,TRUE,TRUE,TRUE,FALSE,FALSE
"997",FALSE,FALSE,TRUE,FALSE,FALSE,FALSE
"998",TRUE,TRUE,TRUE,TRUE,FALSE,FALSE
"999",FALSE,TRUE,TRUE,FALSE,TRUE,TRUE
"1000",TRUE,FALSE,TRUE,TRUE,FALSE,FALSE
"1001",TRUE,FALSE,TRUE,FALSE,TRUE,FALSE
"1002",FALSE,FALSE,FALSE,TRUE,FALSE,FALSE
"1003",FALSE,FALSE,TRUE,TRUE,FALSE,FALSE
"1004",FALSE,FALSE,FALSE,FALSE,FALSE,TRUE
"1005",FALSE,FALSE,TRUE,FALSE,FALSE,TRUE
"1006",FALSE,TRUE,TRUE,FALSE,FALSE,FALSE
"1007",TRUE,TRUE,TRUE,TRUE,FALSE,FALSE
"1008",TRUE,FALSE,TRUE,TRUE,FALSE,FALSE
"1009",TRUE,TRUE,TRUE,FALSE,FALSE,TRUE
"1010",TRUE,FALSE,TRUE,FALSE,TRUE,TRUE
"1011",FALSE,FALSE,TRUE,FALSE,FALSE,FALSE
"1012",FALSE,FALSE,FALSE,TRUE,FALSE,FALSE
"1013",FALSE,FALSE,FALSE,TRUE,TRUE,FALSE
"1014",TRUE,TRUE,TRUE,FALSE,FALSE,TRUE
"1015",FALSE,FALSE,TRUE,TRUE,TRUE,FALSE
"1016",TRUE,FALSE,FALSE,TRUE,TRUE,FALSE
"1017",TRUE,TRUE,TRUE,TRUE,FALSE,FALSE
"1018",TRUE,FALSE,TRUE,TRUE,FALSE,FALSE
"1019",FALSE,TRUE,FALSE,TRUE,FALSE,TRUE
"1020",FALSE,TRUE,TRUE,FALSE,FALSE,TRUE
"1021",TRUE,FALSE,FALSE,FALSE,FALSE,TRUE
"1022",TRUE,TRUE,FALSE,FALSE,TRUE,TRUE
"1023",TRUE,FALSE,TRUE,TRUE,FALSE,FALSE
"1024",FALSE,FALSE,TRUE,FALSE,FALSE,TRUE
"1025",TRUE,FALSE,FALSE,FALSE,TRUE,TRUE
"1026",FALSE,FALSE,TRUE,TRUE,FALSE,FALSE
"1027",TRUE,TRUE,FALSE,FALSE,TRUE,FALSE
"1028",FALSE,FALSE,TRUE,TRUE,FALSE,FALSE
"1029",FALSE,FALSE,FALSE,FALSE,FALSE,FALSE
"1030",FALSE,FALSE,TRUE,FALSE,FALSE,TRUE
"1031",TRUE,TRUE,FALSE,FALSE,TRUE,TRUE
"1032",FALSE,TRUE,TRUE,FALSE,FALSE,TRUE
"1033",TRUE,FALSE,TRUE,TRUE,FALSE,TRUE
"1034",TRUE,FALSE,TRUE,FALSE,FALSE,TRUE
"1035",TRUE,TRUE,TRUE,TRUE,TRUE,FALSE
"1036",TRUE,FALSE,FALSE,FALSE,FALSE,TRUE
"1037",FALSE,FALSE,FALSE,FALSE,TRUE,TRUE
"1038",TRUE,FALSE,FALSE,FALSE,FALSE,TRUE
"1039",TRUE,FALSE,TRUE,FALSE,FALSE,TRUE
"1040",FALSE,TRUE,FALSE,FALSE,FALSE,TRUE
"1041",FALSE,FALSE,FALSE,FALSE,TRUE,TRUE
"1042",TRUE,TRUE,FALSE,FALSE,FALSE,TRUE
"1043",TRUE,FALSE,FALSE,FALSE,FALSE,TRUE
"1044",FALSE,TRUE,TRUE,FALSE,FALSE,TRUE
"1045",TRUE,FALSE,FALSE,FALSE,TRUE,TRUE
"1046",TRUE,FALSE,TRUE,FALSE,FALSE,TRUE
"1047",FALSE,FALSE,FALSE,FALSE,FALSE,FALSE
"1048",FALSE,FALSE,TRUE,TRUE,FALSE,FALSE
"1049",FALSE,TRUE,TRUE,TRUE,FALSE,FALSE
"1050",TRUE,TRUE,TRUE,TRUE,FALSE,TRUE
"1051",FALSE,TRUE,TRUE,TRUE,TRUE,TRUE
"1052",TRUE,TRUE,TRUE,TRUE,FALSE,FALSE
"1053",FALSE,TRUE,TRUE,TRUE,TRUE,FALSE
"1054",FALSE,TRUE,FALSE,FALSE,FALSE,TRUE
"1055",FALSE,TRUE,TRUE,TRUE,TRUE,FALSE
"1056",FALSE,FALSE,TRUE,FALSE,FALSE,TRUE
"1057",FALSE,FALSE,TRUE,FALSE,FALSE,TRUE
"1058",TRUE,TRUE,FALSE,FALSE,FALSE,TRUE
"1059",FALSE,FALSE,TRUE,FALSE,FALSE,TRUE
"1060",FALSE,FALSE,TRUE,FALSE,FALSE,TRUE
"1061",TRUE,FALSE,TRUE,FALSE,FALSE,TRUE
"1062",TRUE,FALSE,TRUE,TRUE,TRUE,TRUE
"1063",TRUE,TRUE,TRUE,TRUE,TRUE,FALSE
"1064",FALSE,FALSE,TRUE,FALSE,FALSE,TRUE
"1065",FALSE,TRUE,TRUE,TRUE,TRUE,TRUE
"1066",FALSE,TRUE,FALSE,TRUE,FALSE,FALSE
"1067",FALSE,FALSE,TRUE,FALSE,FALSE,TRUE
"1068",FALSE,TRUE,FALSE,FALSE,FALSE,TRUE
"1069",TRUE,TRUE,TRUE,FALSE,TRUE,TRUE
"1070",TRUE,TRUE,TRUE,TRUE,FALSE,FALSE
"1071",FALSE,TRUE,TRUE,FALSE,FALSE,TRUE
"1072",FALSE,TRUE,FALSE,FALSE,TRUE,TRUE
"1073",TRUE,TRUE,FALSE,FALSE,FALSE,FALSE
"1074",FALSE,FALSE,TRUE,TRUE,FALSE,FALSE
"1075",TRUE,TRUE,TRUE,TRUE,FALSE,FALSE
"1076",TRUE,TRUE,FALSE,FALSE,TRUE,FALSE
"1077",TRUE,FALSE,FALSE,FALSE,FALSE,TRUE
"1078",FALSE,FALSE,FALSE,FALSE,FALSE,TRUE
"1079",FALSE,FALSE,FALSE,TRUE,TRUE,FALSE
"1080",TRUE,TRUE,FALSE,FALSE,FALSE,TRUE
"1081",TRUE,TRUE,FALSE,FALSE,FALSE,TRUE
"1082",TRUE,FALSE,TRUE,TRUE,FALSE,FALSE
"1083",TRUE,FALSE,TRUE,FALSE,FALSE,TRUE
"1084",TRUE,TRUE,TRUE,TRUE,FALSE,FALSE
"1085",FALSE,FALSE,TRUE,TRUE,FALSE,FALSE
"1086",FALSE,TRUE,TRUE,FALSE,TRUE,TRUE
"1087",FALSE,TRUE,TRUE,TRUE,FALSE,FALSE
"1088",TRUE,FALSE,TRUE,TRUE,TRUE,FALSE
"1089",FALSE,TRUE,TRUE,TRUE,TRUE,FALSE
"1090",FALSE,TRUE,TRUE,FALSE,TRUE,FALSE
"1091",FALSE,FALSE,TRUE,TRUE,FALSE,FALSE
"1092",TRUE,TRUE,TRUE,FALSE,TRUE,TRUE
"1093",TRUE,TRUE,TRUE,TRUE,TRUE,FALSE
"1094",FALSE,FALSE,TRUE,FALSE,FALSE,TRUE
"1095",FALSE,TRUE,TRUE,FALSE,FALSE,TRUE
"1096",FALSE,FALSE,TRUE,FALSE,FALSE,TRUE
"1097",FALSE,TRUE,FALSE,TRUE,FALSE,FALSE
"1098",TRUE,TRUE,TRUE,TRUE,TRUE,TRUE
"1099",FALSE,TRUE,FALSE,TRUE,FALSE,TRUE
"1100",TRUE,TRUE,TRUE,FALSE,TRUE,TRUE
"1101",FALSE,TRUE,TRUE,TRUE,FALSE,FALSE
"1102",FALSE,TRUE,FALSE,FALSE,FALSE,TRUE
"1103",FALSE,FALSE,FALSE,FALSE,FALSE,TRUE
"1104",FALSE,TRUE,FALSE,TRUE,TRUE,TRUE
"1105",TRUE,TRUE,FALSE,TRUE,FALSE,TRUE
"1106",TRUE,TRUE,FALSE,FALSE,FALSE,TRUE
"1107",FALSE,TRUE,TRUE,FALSE,TRUE,TRUE
"1108",TRUE,FALSE,FALSE,TRUE,FALSE,FALSE
"1109",TRUE,FALSE,TRUE,FALSE,FALSE,FALSE
"1110",TRUE,FALSE,FALSE,FALSE,FALSE,TRUE
"1111",TRUE,FALSE,TRUE,TRUE,TRUE,FALSE
"1112",TRUE,TRUE,TRUE,TRUE,TRUE,FALSE
"1113",FALSE,TRUE,TRUE,TRUE,FALSE,TRUE
"1114",FALSE,FALSE,TRUE,TRUE,TRUE,FALSE
"1115",FALSE,FALSE,FALSE,FALSE,FALSE,TRUE
"1116",FALSE,TRUE,TRUE,FALSE,TRUE,FALSE
"1117",TRUE,FALSE,FALSE,TRUE,FALSE,FALSE
"1118",FALSE,FALSE,TRUE,FALSE,FALSE,TRUE
"1119",FALSE,FALSE,FALSE,TRUE,FALSE,FALSE
"1120",FALSE,FALSE,FALSE,FALSE,FALSE,TRUE
"1121",TRUE,FALSE,TRUE,FALSE,TRUE,TRUE
"1122",FALSE,FALSE,TRUE,FALSE,FALSE,TRUE
"1123",TRUE,FALSE,FALSE,FALSE,FALSE,TRUE
"1124",FALSE,FALSE,FALSE,TRUE,FALSE,FALSE
"1125",TRUE,FALSE,FALSE,FALSE,TRUE,TRUE
"1126",TRUE,TRUE,FALSE,FALSE,FALSE,TRUE
"1127",TRUE,FALSE,TRUE,FALSE,FALSE,FALSE
"1128",FALSE,TRUE,TRUE,TRUE,TRUE,FALSE
"1129",TRUE,FALSE,FALSE,TRUE,FALSE,FALSE
"1130",FALSE,FALSE,TRUE,FALSE,TRUE,TRUE
"1131",TRUE,FALSE,FALSE,TRUE,TRUE,FALSE
"1132",TRUE,TRUE,TRUE,TRUE,TRUE,TRUE
"1133",FALSE,FALSE,FALSE,FALSE,FALSE,TRUE
"1134",FALSE,FALSE,TRUE,FALSE,FALSE,TRUE
"1135",FALSE,FALSE,FALSE,FALSE,TRUE,TRUE
"1136",TRUE,FALSE,TRUE,FALSE,TRUE,TRUE
"1137",TRUE,TRUE,TRUE,TRUE,TRUE,FALSE
"1138",FALSE,FALSE,TRUE,FALSE,FALSE,TRUE
"1139",FALSE,FALSE,FALSE,FALSE,FALSE,TRUE
"1140",FALSE,TRUE,FALSE,TRUE,FALSE,TRUE
"1141",TRUE,FALSE,TRUE,TRUE,TRUE,FALSE
"1142",TRUE,TRUE,TRUE,TRUE,TRUE,FALSE
"1143",FALSE,TRUE,FALSE,FALSE,TRUE,TRUE
"1144",FALSE,FALSE,FALSE,FALSE,FALSE,TRUE
"1145",TRUE,FALSE,TRUE,TRUE,TRUE,FALSE
"1146",FALSE,TRUE,TRUE,TRUE,TRUE,FALSE
"1147",TRUE,FALSE,FALSE,FALSE,FALSE,FALSE
"1148",FALSE,TRUE,FALSE,FALSE,TRUE,TRUE
"1149",TRUE,FALSE,FALSE,TRUE,FALSE,TRUE
"1150",FALSE,FALSE,FALSE,FALSE,FALSE,TRUE
"1151",FALSE,FALSE,TRUE,FALSE,FALSE,TRUE
"1152",TRUE,FALSE,FALSE,FALSE,TRUE,TRUE
"1153",FALSE,FALSE,TRUE,TRUE,FALSE,TRUE
"1154",TRUE,TRUE,TRUE,FALSE,TRUE,TRUE
"1155",FALSE,TRUE,FALSE,FALSE,FALSE,TRUE
"1156",FALSE,FALSE,FALSE,FALSE,FALSE,TRUE
"1157",FALSE,TRUE,TRUE,TRUE,TRUE,FALSE
"1158",FALSE,TRUE,FALSE,FALSE,TRUE,TRUE
"1159",TRUE,TRUE,TRUE,TRUE,FALSE,FALSE
"1160",FALSE,TRUE,TRUE,TRUE,FALSE,FALSE
"1161",FALSE,TRUE,TRUE,TRUE,FALSE,FALSE
"1162",TRUE,TRUE,FALSE,FALSE,FALSE,TRUE
"1163",FALSE,FALSE,TRUE,FALSE,FALSE,TRUE
"1164",FALSE,FALSE,TRUE,TRUE,FALSE,FALSE
"1165",TRUE,FALSE,FALSE,TRUE,FALSE,TRUE
"1166",FALSE,FALSE,TRUE,TRUE,FALSE,FALSE
"1167",FALSE,FALSE,FALSE,FALSE,FALSE,TRUE
"1168",FALSE,FALSE,TRUE,TRUE,FALSE,FALSE
"1169",TRUE,FALSE,FALSE,TRUE,TRUE,TRUE
"1170",TRUE,TRUE,FALSE,FALSE,TRUE,TRUE
"1171",FALSE,FALSE,TRUE,TRUE,FALSE,FALSE
"1172",FALSE,FALSE,FALSE,FALSE,FALSE,TRUE
"1173",FALSE,FALSE,TRUE,TRUE,FALSE,FALSE
"1174",FALSE,TRUE,TRUE,TRUE,TRUE,TRUE
"1175",TRUE,FALSE,FALSE,FALSE,FALSE,TRUE
"1176",TRUE,FALSE,TRUE,FALSE,FALSE,TRUE
"1177",TRUE,FALSE,TRUE,FALSE,TRUE,TRUE
"1178",FALSE,FALSE,FALSE,FALSE,FALSE,TRUE
"1179",FALSE,FALSE,FALSE,FALSE,FALSE,TRUE
"1180",FALSE,TRUE,TRUE,FALSE,FALSE,TRUE
"1181",TRUE,TRUE,FALSE,FALSE,FALSE,TRUE
"1182",FALSE,FALSE,FALSE,FALSE,TRUE,TRUE
"1183",FALSE,FALSE,TRUE,FALSE,FALSE,TRUE
"1184",FALSE,FALSE,FALSE,FALSE,FALSE,TRUE
"1185",TRUE,TRUE,FALSE,TRUE,TRUE,FALSE
"1186",FALSE,FALSE,FALSE,FALSE,FALSE,TRUE
"1187",FALSE,TRUE,TRUE,TRUE,FALSE,FALSE
"1188",FALSE,TRUE,TRUE,TRUE,FALSE,FALSE
"1189",TRUE,TRUE,FALSE,FALSE,FALSE,TRUE
"1190",FALSE,TRUE,TRUE,TRUE,FALSE,FALSE
"1191",FALSE,FALSE,FALSE,FALSE,FALSE,TRUE
"1192",FALSE,FALSE,FALSE,FALSE,FALSE,TRUE
"1193",FALSE,TRUE,TRUE,TRUE,FALSE,FALSE
"1194",TRUE,TRUE,FALSE,FALSE,FALSE,FALSE
"1195",FALSE,TRUE,FALSE,TRUE,FALSE,FALSE
"1196",FALSE,FALSE,TRUE,TRUE,TRUE,FALSE
"1197",TRUE,TRUE,FALSE,TRUE,TRUE,FALSE
"1198",TRUE,TRUE,TRUE,TRUE,FALSE,FALSE
"1199",TRUE,TRUE,FALSE,TRUE,TRUE,TRUE
"1200",TRUE,FALSE,TRUE,FALSE,FALSE,TRUE
"1201",FALSE,TRUE,FALSE,TRUE,TRUE,FALSE
"1202",TRUE,FALSE,TRUE,TRUE,FALSE,FALSE
"1203",TRUE,FALSE,FALSE,FALSE,TRUE,TRUE
"1204",TRUE,TRUE,FALSE,TRUE,TRUE,FALSE
"1205",FALSE,FALSE,FALSE,FALSE,FALSE,TRUE
"1206",FALSE,FALSE,FALSE,FALSE,FALSE,TRUE
"1207",TRUE,TRUE,TRUE,FALSE,TRUE,TRUE
"1208",FALSE,TRUE,FALSE,FALSE,FALSE,TRUE
"1209",FALSE,FALSE,FALSE,FALSE,FALSE,TRUE
"1210",FALSE,TRUE,FALSE,FALSE,FALSE,TRUE
"1211",TRUE,FALSE,FALSE,FALSE,FALSE,TRUE
"1212",TRUE,TRUE,FALSE,TRUE,TRUE,FALSE
"1213",TRUE,TRUE,FALSE,FALSE,FALSE,TRUE
"1214",TRUE,FALSE,FALSE,FALSE,FALSE,TRUE
"1215",TRUE,FALSE,FALSE,FALSE,FALSE,TRUE
"1216",FALSE,FALSE,TRUE,TRUE,TRUE,TRUE
"1217",FALSE,FALSE,FALSE,FALSE,FALSE,TRUE
"1218",TRUE,TRUE,TRUE,FALSE,TRUE,TRUE
"1219",FALSE,FALSE,FALSE,FALSE,FALSE,TRUE
"1220",FALSE,FALSE,TRUE,TRUE,FALSE,TRUE
"1221",FALSE,TRUE,TRUE,TRUE,FALSE,FALSE
"1222",FALSE,TRUE,FALSE,TRUE,FALSE,FALSE
"1223",FALSE,FALSE,TRUE,FALSE,FALSE,TRUE
"1224",FALSE,FALSE,FALSE,TRUE,FALSE,TRUE
"1225",FALSE,FALSE,FALSE,FALSE,FALSE,TRUE
"1226",TRUE,FALSE,TRUE,FALSE,FALSE,TRUE
"1227",TRUE,TRUE,TRUE,FALSE,FALSE,TRUE
"1228",FALSE,TRUE,TRUE,FALSE,TRUE,FALSE
"1229",FALSE,TRUE,FALSE,TRUE,FALSE,FALSE
"1230",TRUE,TRUE,FALSE,TRUE,FALSE,FALSE
"1231",TRUE,TRUE,TRUE,TRUE,FALSE,FALSE
"1232",TRUE,TRUE,TRUE,TRUE,TRUE,FALSE
"1233",TRUE,TRUE,TRUE,TRUE,TRUE,TRUE
"1234",TRUE,FALSE,TRUE,TRUE,FALSE,FALSE
"1235",TRUE,TRUE,TRUE,FALSE,FALSE,TRUE
"1236",TRUE,TRUE,FALSE,TRUE,TRUE,FALSE
"1237",FALSE,TRUE,FALSE,FALSE,FALSE,TRUE
"1238",FALSE,TRUE,TRUE,TRUE,TRUE,FALSE
"1239",FALSE,TRUE,TRUE,TRUE,FALSE,FALSE
"1240",FALSE,FALSE,TRUE,FALSE,TRUE,TRUE
"1241",FALSE,FALSE,FALSE,FALSE,FALSE,TRUE
"1242",TRUE,TRUE,TRUE,TRUE,FALSE,FALSE
"1243",TRUE,TRUE,FALSE,TRUE,FALSE,FALSE
"1244",FALSE,FALSE,TRUE,TRUE,FALSE,FALSE
"1245",FALSE,TRUE,TRUE,TRUE,TRUE,FALSE
"1246",TRUE,TRUE,TRUE,TRUE,TRUE,FALSE
"1247",FALSE,FALSE,FALSE,FALSE,FALSE,TRUE
"1248",TRUE,FALSE,FALSE,FALSE,TRUE,TRUE
"1249",FALSE,FALSE,TRUE,FALSE,FALSE,TRUE
"1250",TRUE,FALSE,TRUE,TRUE,FALSE,FALSE
"1251",FALSE,FALSE,TRUE,FALSE,FALSE,FALSE
"1252",FALSE,FALSE,TRUE,TRUE,FALSE,FALSE
"1253",FALSE,TRUE,TRUE,TRUE,FALSE,FALSE
"1254",FALSE,FALSE,TRUE,FALSE,FALSE,TRUE
"1255",FALSE,TRUE,TRUE,TRUE,FALSE,TRUE
"1256",FALSE,TRUE,TRUE,FALSE,FALSE,TRUE
"1257",FALSE,TRUE,TRUE,TRUE,FALSE,FALSE
"1258",FALSE,TRUE,FALSE,FALSE,FALSE,TRUE
"1259",TRUE,TRUE,FALSE,FALSE,TRUE,TRUE
"1260",FALSE,TRUE,TRUE,FALSE,TRUE,TRUE
"1261",TRUE,TRUE,TRUE,TRUE,TRUE,FALSE
"1262",FALSE,TRUE,TRUE,TRUE,TRUE,FALSE
"1263",FALSE,TRUE,TRUE,TRUE,FALSE,FALSE
"1264",TRUE,TRUE,TRUE,TRUE,TRUE,FALSE
"1265",TRUE,TRUE,TRUE,TRUE,TRUE,FALSE
"1266",TRUE,FALSE,TRUE,FALSE,TRUE,TRUE
"1267",TRUE,FALSE,TRUE,FALSE,FALSE,FALSE
"1268",TRUE,FALSE,FALSE,FALSE,FALSE,TRUE
"1269",FALSE,TRUE,TRUE,TRUE,FALSE,FALSE
"1270",FALSE,FALSE,TRUE,FALSE,FALSE,TRUE
"1271",TRUE,FALSE,FALSE,FALSE,FALSE,TRUE
"1272",TRUE,FALSE,TRUE,FALSE,FALSE,TRUE
"1273",TRUE,FALSE,TRUE,FALSE,FALSE,FALSE
"1274",FALSE,FALSE,TRUE,TRUE,FALSE,FALSE
"1275",TRUE,FALSE,FALSE,TRUE,FALSE,TRUE
"1276",TRUE,TRUE,TRUE,TRUE,FALSE,FALSE
"1277",TRUE,TRUE,TRUE,FALSE,TRUE,TRUE
"1278",TRUE,FALSE,TRUE,FALSE,FALSE,TRUE
"1279",FALSE,FALSE,TRUE,TRUE,FALSE,FALSE
"1280",TRUE,TRUE,TRUE,TRUE,TRUE,FALSE
"1281",FALSE,FALSE,FALSE,FALSE,TRUE,TRUE
"1282",FALSE,FALSE,FALSE,FALSE,FALSE,TRUE
"1283",FALSE,FALSE,TRUE,FALSE,FALSE,TRUE
"1284",FALSE,FALSE,TRUE,FALSE,FALSE,FALSE
"1285",TRUE,TRUE,TRUE,TRUE,TRUE,TRUE
"1286",FALSE,TRUE,TRUE,FALSE,FALSE,TRUE
"1287",TRUE,FALSE,TRUE,TRUE,FALSE,TRUE
"1288",TRUE,TRUE,TRUE,TRUE,FALSE,TRUE
"1289",FALSE,TRUE,TRUE,TRUE,TRUE,FALSE
"1290",FALSE,FALSE,TRUE,FALSE,FALSE,TRUE
"1291",TRUE,TRUE,FALSE,FALSE,TRUE,TRUE
"1292",FALSE,FALSE,TRUE,FALSE,TRUE,FALSE
"1293",FALSE,TRUE,TRUE,FALSE,FALSE,TRUE
"1294",TRUE,TRUE,FALSE,TRUE,TRUE,FALSE
"1295",TRUE,TRUE,TRUE,FALSE,FALSE,TRUE
"1296",TRUE,FALSE,FALSE,FALSE,FALSE,TRUE
"1297",TRUE,FALSE,FALSE,FALSE,TRUE,TRUE
"1298",FALSE,FALSE,FALSE,TRUE,FALSE,TRUE
"1299",FALSE,FALSE,FALSE,FALSE,FALSE,TRUE
"1300",TRUE,TRUE,TRUE,FALSE,FALSE,TRUE
"1301",FALSE,FALSE,FALSE,FALSE,FALSE,TRUE
"1302",TRUE,TRUE,FALSE,FALSE,TRUE,TRUE
"1303",FALSE,TRUE,TRUE,TRUE,TRUE,TRUE
"1304",TRUE,FALSE,TRUE,TRUE,FALSE,FALSE
"1305",FALSE,TRUE,TRUE,FALSE,TRUE,TRUE
"1306",FALSE,FALSE,TRUE,TRUE,TRUE,FALSE
"1307",FALSE,TRUE,FALSE,FALSE,TRUE,TRUE
"1308",TRUE,TRUE,TRUE,TRUE,FALSE,FALSE
"1309",TRUE,FALSE,TRUE,TRUE,FALSE,TRUE
"1310",TRUE,FALSE,TRUE,FALSE,FALSE,TRUE
"1311",TRUE,FALSE,TRUE,TRUE,FALSE,FALSE
"1312",TRUE,TRUE,TRUE,FALSE,TRUE,TRUE
"1313",TRUE,TRUE,FALSE,FALSE,TRUE,FALSE
"1314",TRUE,FALSE,FALSE,FALSE,TRUE,TRUE
"1315",FALSE,TRUE,FALSE,TRUE,TRUE,FALSE
"1316",TRUE,FALSE,FALSE,TRUE,TRUE,TRUE
"1317",FALSE,TRUE,FALSE,TRUE,TRUE,TRUE
"1318",FALSE,FALSE,FALSE,FALSE,TRUE,TRUE
"1319",TRUE,TRUE,TRUE,FALSE,TRUE,TRUE
"1320",FALSE,TRUE,FALSE,FALSE,TRUE,TRUE
"1321",TRUE,FALSE,TRUE,TRUE,FALSE,FALSE
"1322",FALSE,FALSE,TRUE,TRUE,TRUE,TRUE
"1323",FALSE,TRUE,TRUE,TRUE,TRUE,TRUE
"1324",TRUE,FALSE,TRUE,FALSE,FALSE,TRUE
"1325",FALSE,FALSE,TRUE,FALSE,FALSE,FALSE
"1326",FALSE,TRUE,TRUE,TRUE,TRUE,FALSE
"1327",FALSE,FALSE,TRUE,TRUE,TRUE,FALSE
"1328",FALSE,TRUE,FALSE,FALSE,FALSE,FALSE
"1329",TRUE,TRUE,TRUE,FALSE,FALSE,TRUE
"1330",FALSE,TRUE,FALSE,TRUE,TRUE,TRUE
"1331",TRUE,FALSE,TRUE,TRUE,TRUE,FALSE
"1332",FALSE,TRUE,TRUE,TRUE,FALSE,FALSE
"1333",FALSE,FALSE,FALSE,FALSE,FALSE,FALSE
"1334",TRUE,TRUE,TRUE,FALSE,TRUE,FALSE
"1335",TRUE,FALSE,FALSE,FALSE,FALSE,TRUE
"1336",FALSE,FALSE,TRUE,TRUE,FALSE,TRUE
"1337",TRUE,TRUE,TRUE,FALSE,FALSE,TRUE
"1338",TRUE,TRUE,TRUE,TRUE,FALSE,FALSE
"1339",TRUE,FALSE,TRUE,FALSE,TRUE,TRUE
"1340",FALSE,TRUE,FALSE,FALSE,TRUE,TRUE
"1341",FALSE,FALSE,TRUE,FALSE,TRUE,TRUE
"1342",FALSE,TRUE,TRUE,TRUE,FALSE,FALSE
"1343",TRUE,FALSE,TRUE,TRUE,FALSE,FALSE
"1344",FALSE,FALSE,FALSE,TRUE,FALSE,FALSE
"1345",FALSE,FALSE,TRUE,FALSE,FALSE,FALSE
"1346",FALSE,FALSE,TRUE,FALSE,FALSE,TRUE
"1347",FALSE,TRUE,TRUE,FALSE,FALSE,FALSE
"1348",TRUE,TRUE,TRUE,TRUE,FALSE,FALSE
"1349",FALSE,FALSE,FALSE,FALSE,FALSE,TRUE
"1350",FALSE,FALSE,TRUE,FALSE,FALSE,TRUE
"1351",FALSE,FALSE,TRUE,FALSE,FALSE,TRUE
"1352",FALSE,FALSE,TRUE,FALSE,FALSE,TRUE
"1353",TRUE,TRUE,TRUE,FALSE,TRUE,TRUE
"1354",TRUE,TRUE,TRUE,FALSE,FALSE,TRUE
"1355",FALSE,TRUE,TRUE,FALSE,FALSE,TRUE
"1356",FALSE,TRUE,FALSE,FALSE,FALSE,FALSE
"1357",TRUE,TRUE,TRUE,TRUE,FALSE,FALSE
"1358",TRUE,TRUE,FALSE,TRUE,TRUE,FALSE
"1359",FALSE,TRUE,FALSE,FALSE,TRUE,TRUE
"1360",TRUE,TRUE,FALSE,FALSE,FALSE,TRUE
"1361",TRUE,TRUE,TRUE,TRUE,TRUE,FALSE
"1362",FALSE,TRUE,FALSE,FALSE,FALSE,TRUE
"1363",FALSE,FALSE,TRUE,FALSE,FALSE,TRUE
"1364",TRUE,FALSE,FALSE,TRUE,TRUE,TRUE
"1365",TRUE,FALSE,FALSE,FALSE,FALSE,TRUE
"1366",TRUE,FALSE,TRUE,TRUE,TRUE,FALSE
"1367",FALSE,FALSE,FALSE,FALSE,FALSE,TRUE
"1368",TRUE,TRUE,TRUE,FALSE,FALSE,TRUE
"1369",FALSE,FALSE,TRUE,FALSE,FALSE,TRUE
"1370",TRUE,TRUE,TRUE,FALSE,TRUE,TRUE
"1371",FALSE,FALSE,FALSE,FALSE,FALSE,TRUE
"1372",FALSE,TRUE,FALSE,FALSE,TRUE,TRUE
"1373",FALSE,FALSE,TRUE,FALSE,FALSE,TRUE
"1374",FALSE,TRUE,TRUE,TRUE,FALSE,TRUE
"1375",TRUE,TRUE,TRUE,TRUE,FALSE,FALSE
